bathroom,0.0,0.0,0.32894736842105265,-0.1513157894736842,0.5328947368421053,-0.47368421052631576,0.5,-0.7763157894736842,0.47368421052631576,-1.0,0.45394736842105265,-0.6776315789473685,0.6052631578947368,-0.8881578947368421,0.5723684210526315,-0.7763157894736842,0.5,-0.5986842105263158,0.25,-0.7105263157894737,0.35526315789473684,-0.868421052631579,0.32894736842105265,-0.6118421052631579,0.3026315789473684,-0.3815789473684211,0.046052631578947366,-0.7105263157894737,0.13815789473684212,-0.8421052631578947,0.1513157894736842,-0.5657894736842105,0.15789473684210525,-0.34210526315789475,-0.17763157894736842,-0.6710526315789473,-0.05921052631578947,-0.75,-0.006578947368421052,-0.5394736842105263,0.019736842105263157,-0.375
bathroom,0.0,0.0,0.3669064748201439,-0.14388489208633093,0.5755395683453237,-0.460431654676259,0.5611510791366906,-0.762589928057554,0.5683453237410072,-1.0,0.5179856115107914,-0.6690647482014388,0.6834532374100719,-0.9064748201438849,0.6546762589928058,-0.8057553956834532,0.5827338129496403,-0.6258992805755396,0.302158273381295,-0.7122302158273381,0.4316546762589928,-0.9064748201438849,0.39568345323741005,-0.6474820143884892,0.35251798561151076,-0.4028776978417266,0.09352517985611511,-0.7266187050359713,0.2158273381294964,-0.8992805755395683,0.2158273381294964,-0.6187050359712231,0.20863309352517986,-0.39568345323741005,-0.1366906474820144,-0.697841726618705,0.007194244604316547,-0.7985611510791367,0.050359712230215826,-0.5899280575539568,0.06474820143884892,-0.4172661870503597
bathroom,0.0,0.0,0.33974358974358976,-0.11538461538461539,0.5769230769230769,-0.42948717948717946,0.5769230769230769,-0.7435897435897436,0.5705128205128205,-1.0,0.4935897435897436,-0.6858974358974359,0.6410256410256411,-0.9230769230769231,0.6025641025641025,-0.7628205128205128,0.5384615384615384,-0.5641025641025641,0.28846153846153844,-0.717948717948718,0.41025641025641024,-0.9166666666666666,0.38461538461538464,-0.6346153846153846,0.358974358974359,-0.40384615384615385,0.08333333333333333,-0.7243589743589743,0.19230769230769232,-0.9102564102564102,0.20512820512820512,-0.6217948717948718,0.20512820512820512,-0.391025641025641,-0.14102564102564102,-0.6858974358974359,0.00641025641025641,-0.8141025641025641,0.05128205128205128,-0.5961538461538461,0.07051282051282051,-0.4166666666666667
bathroom,0.0,0.0,0.3006134969325153,-0.1165644171779141,0.49079754601226994,-0.44785276073619634,0.4601226993865031,-0.7607361963190185,0.4539877300613497,-1.0,0.44171779141104295,-0.7730061349693251,0.5766871165644172,-0.8957055214723927,0.6134969325153374,-0.7484662576687117,0.6012269938650306,-0.5828220858895705,0.24539877300613497,-0.8220858895705522,0.3987730061349693,-0.8650306748466258,0.4294478527607362,-0.5644171779141104,0.4110429447852761,-0.34355828220858897,0.04294478527607362,-0.7975460122699386,0.22699386503067484,-0.8098159509202454,0.27607361963190186,-0.49693251533742333,0.26380368098159507,-0.2883435582822086,-0.1656441717791411,-0.7239263803680982,0.03680981595092025,-0.7055214723926381,0.10429447852760736,-0.4723926380368098,0.1165644171779141,-0.3128834355828221
bathroom,0.0,0.0,0.3076923076923077,-0.10897435897435898,0.5384615384615384,-0.42948717948717946,0.532051282051282,-0.75,0.5384615384615384,-1.0,0.5192307692307693,-0.75,0.6602564102564102,-0.9230769230769231,0.7115384615384616,-0.782051282051282,0.6923076923076923,-0.6089743589743589,0.32051282051282054,-0.8012820512820513,0.47435897435897434,-0.8846153846153846,0.5064102564102564,-0.5897435897435898,0.4807692307692308,-0.3782051282051282,0.11538461538461539,-0.7948717948717948,0.2948717948717949,-0.8269230769230769,0.33974358974358976,-0.5064102564102564,0.3333333333333333,-0.2948717948717949,-0.10256410256410256,-0.7371794871794872,0.09615384615384616,-0.7307692307692307,0.16666666666666666,-0.4807692307692308,0.1794871794871795,-0.3141025641025641
bathroom,0.0,0.0,0.3027027027027027,-0.13513513513513514,0.4864864864864865,-0.4540540540540541,0.4594594594594595,-0.7567567567567568,0.43243243243243246,-1.0,0.4540540540540541,-0.6594594594594595,0.572972972972973,-0.8594594594594595,0.4972972972972973,-0.7189189189189189,0.41081081081081083,-0.5459459459459459,0.24324324324324326,-0.6918918918918919,0.2972972972972973,-0.8324324324324325,0.24864864864864866,-0.5513513513513514,0.22702702702702704,-0.31891891891891894,0.03783783783783784,-0.6918918918918919,0.08648648648648649,-0.8162162162162162,0.08108108108108109,-0.518918918918919,0.0918918918918919,-0.3081081081081081,-0.17297297297297298,-0.6594594594594595,-0.10270270270270271,-0.7405405405405405,-0.07027027027027027,-0.518918918918919,-0.032432432432432434,-0.3675675675675676
bathroom,0.0,0.0,0.26804123711340205,-0.15463917525773196,0.4329896907216495,-0.4587628865979381,0.4072164948453608,-0.7525773195876289,0.37628865979381443,-1.0,0.41237113402061853,-0.6958762886597938,0.5051546391752577,-0.8711340206185567,0.422680412371134,-0.7010309278350515,0.32989690721649484,-0.5154639175257731,0.1958762886597938,-0.7164948453608248,0.2268041237113402,-0.8350515463917526,0.19072164948453607,-0.5463917525773195,0.19072164948453607,-0.30927835051546393,-0.010309278350515464,-0.7061855670103093,0.010309278350515464,-0.7938144329896907,0.030927835051546393,-0.5103092783505154,0.06701030927835051,-0.29896907216494845,-0.21649484536082475,-0.6597938144329897,-0.17525773195876287,-0.7010309278350515,-0.11855670103092783,-0.4896907216494845,-0.061855670103092786,-0.35051546391752575
bathroom,0.0,0.0,-0.25595238095238093,-0.03571428571428571,-0.5238095238095238,-0.39285714285714285,-0.5773809523809523,-0.7321428571428571,-0.6130952380952381,-1.0,-0.5416666666666666,-0.7142857142857143,-0.6845238095238095,-0.9047619047619048,-0.6130952380952381,-0.6964285714285714,-0.5238095238095238,-0.48214285714285715,-0.31547619047619047,-0.7619047619047619,-0.4166666666666667,-0.9821428571428571,-0.39285714285714285,-0.6547619047619048,-0.35119047619047616,-0.40476190476190477,-0.06547619047619048,-0.75,-0.17261904761904762,-0.9107142857142857,-0.19642857142857142,-0.5535714285714286,-0.19642857142857142,-0.31547619047619047,0.19047619047619047,-0.7023809523809523,0.07142857142857142,-0.8452380952380952,0.017857142857142856,-0.6011904761904762,0.0,-0.42857142857142855
bathroom,0.0,0.0,-0.2935323383084577,-0.09950248756218906,-0.47761194029850745,-0.4427860696517413,-0.47761194029850745,-0.7512437810945274,-0.4975124378109453,-1.0,-0.5124378109452736,-0.6865671641791045,-0.6268656716417911,-0.8955223880597015,-0.5074626865671642,-0.7164179104477612,-0.40298507462686567,-0.5223880597014925,-0.2935323383084577,-0.7412935323383084,-0.3283582089552239,-0.9701492537313433,-0.27860696517412936,-0.6766169154228856,-0.25870646766169153,-0.44776119402985076,-0.06965174129353234,-0.736318407960199,-0.07960199004975124,-0.9104477611940298,-0.08955223880597014,-0.5920398009950248,-0.11442786069651742,-0.373134328358209,0.14925373134328357,-0.6965174129353234,0.12437810945273632,-0.8656716417910447,0.0845771144278607,-0.6517412935323383,0.03980099502487562,-0.4975124378109453
bathroom,0.0,0.0,-0.275,-0.08125,-0.54375,-0.41875,-0.63125,-0.74375,-0.7,-1.0,-0.475,-0.75,-0.64375,-0.9375,-0.69375,-0.725,-0.66875,-0.5,-0.31875,-0.8125,-0.54375,-0.94375,-0.55,-0.625,-0.46875,-0.375,-0.13125,-0.8375,-0.40625,-0.91875,-0.38125,-0.56875,-0.3,-0.34375,0.1,-0.8375,-0.175,-0.9,-0.1875,-0.65,-0.11875,-0.475
hello,0.0,0.0,-0.21348314606741572,-0.016853932584269662,-0.39325842696629215,-0.1404494382022472,-0.5224719101123596,-0.25842696629213485,-0.6348314606741573,-0.3707865168539326,-0.29775280898876405,-0.449438202247191,-0.38202247191011235,-0.6573033707865169,-0.42696629213483145,-0.7865168539325843,-0.4550561797752809,-0.8932584269662921,-0.16853932584269662,-0.4887640449438202,-0.24157303370786518,-0.7191011235955056,-0.29213483146067415,-0.8764044943820225,-0.3258426966292135,-1.0,-0.033707865168539325,-0.48314606741573035,-0.0898876404494382,-0.7134831460674157,-0.12921348314606743,-0.8539325842696629,-0.16853932584269662,-0.9719101123595506,0.10674157303370786,-0.4438202247191011,0.07865168539325842,-0.6235955056179775,0.05056179775280899,-0.7415730337078652,0.02247191011235955,-0.848314606741573
hello,0.0,0.0,-0.21311475409836064,-0.01092896174863388,-0.41530054644808745,-0.14207650273224043,-0.5628415300546448,-0.273224043715847,-0.6721311475409836,-0.3825136612021858,-0.3442622950819672,-0.45901639344262296,-0.4426229508196721,-0.6612021857923497,-0.4918032786885246,-0.7868852459016393,-0.5245901639344263,-0.8907103825136612,-0.2185792349726776,-0.5136612021857924,-0.3114754098360656,-0.7377049180327869,-0.366120218579235,-0.8852459016393442,-0.4098360655737705,-1.0,-0.08743169398907104,-0.5136612021857924,-0.15846994535519127,-0.7431693989071039,-0.20218579234972678,-0.8797814207650273,-0.2459016393442623,-0.994535519125683,0.04918032786885246,-0.48633879781420764,0.01639344262295082,-0.6612021857923497,-0.01092896174863388,-0.7759562841530054,-0.04371584699453552,-0.8797814207650273
hello,0.0,0.0,-0.21511627906976744,0.005813953488372093,-0.43023255813953487,-0.09883720930232558,-0.5813953488372093,-0.22093023255813954,-0.686046511627907,-0.3488372093023256,-0.4011627906976744,-0.4186046511627907,-0.5232558139534884,-0.6162790697674418,-0.5813953488372093,-0.7558139534883721,-0.627906976744186,-0.872093023255814,-0.26744186046511625,-0.4883720930232558,-0.37209302325581395,-0.7151162790697675,-0.436046511627907,-0.872093023255814,-0.4883720930232558,-0.9941860465116279,-0.11627906976744186,-0.5,-0.19767441860465115,-0.7325581395348837,-0.25,-0.877906976744186,-0.3023255813953488,-1.0,0.040697674418604654,-0.48255813953488375,0.0,-0.6686046511627907,-0.029069767441860465,-0.7906976744186046,-0.06395348837209303,-0.9069767441860465
hello,0.0,0.0,-0.267515923566879,0.006369426751592357,-0.5031847133757962,-0.11464968152866242,-0.6496815286624203,-0.2611464968152866,-0.7707006369426752,-0.37579617834394907,-0.4713375796178344,-0.4012738853503185,-0.5923566878980892,-0.6178343949044586,-0.6560509554140127,-0.7515923566878981,-0.7133757961783439,-0.8662420382165605,-0.33121019108280253,-0.47770700636942676,-0.4394904458598726,-0.7197452229299363,-0.5031847133757962,-0.8726114649681529,-0.5605095541401274,-0.9936305732484076,-0.17834394904458598,-0.5031847133757962,-0.267515923566879,-0.7388535031847133,-0.33121019108280253,-0.8853503184713376,-0.3821656050955414,-1.0,-0.006369426751592357,-0.4968152866242038,-0.050955414012738856,-0.6942675159235668,-0.08280254777070063,-0.821656050955414,-0.12101910828025478,-0.9363057324840764
hello,0.0,0.0,-0.2631578947368421,0.02631578947368421,-0.5131578947368421,-0.07236842105263158,-0.6907894736842105,-0.17763157894736842,-0.8223684210526315,-0.27631578947368424,-0.4407894736842105,-0.42105263157894735,-0.5723684210526315,-0.6118421052631579,-0.6447368421052632,-0.7236842105263158,-0.7105263157894737,-0.8289473684210527,-0.3092105263157895,-0.506578947368421,-0.4342105263157895,-0.7236842105263158,-0.506578947368421,-0.868421052631579,-0.5657894736842105,-0.9802631578947368,-0.17763157894736842,-0.5460526315789473,-0.27631578947368424,-0.7631578947368421,-0.3355263157894737,-0.8947368421052632,-0.39473684210526316,-1.0,-0.02631578947368421,-0.5526315789473685,-0.08552631578947369,-0.743421052631579,-0.13157894736842105,-0.8618421052631579,-0.17763157894736842,-0.9605263157894737
hello,0.0,0.0,-0.24675324675324675,0.01948051948051948,-0.4805194805194805,-0.07792207792207792,-0.6558441558441559,-0.18181818181818182,-0.7922077922077922,-0.2792207792207792,-0.4090909090909091,-0.42857142857142855,-0.538961038961039,-0.6168831168831169,-0.6103896103896104,-0.7272727272727273,-0.6688311688311688,-0.8246753246753247,-0.2857142857142857,-0.512987012987013,-0.4025974025974026,-0.7272727272727273,-0.4805194805194805,-0.8636363636363636,-0.538961038961039,-0.974025974025974,-0.15584415584415584,-0.5454545454545454,-0.24675324675324675,-0.7597402597402597,-0.3116883116883117,-0.8896103896103896,-0.37662337662337664,-1.0,-0.012987012987012988,-0.5454545454545454,-0.06493506493506493,-0.7337662337662337,-0.1038961038961039,-0.8506493506493507,-0.15584415584415584,-0.948051948051948
hello,0.0,0.0,-0.21739130434782608,-0.03260869565217391,-0.41304347826086957,-0.15217391304347827,-0.5434782608695652,-0.27717391304347827,-0.6304347826086957,-0.3967391304347826,-0.3695652173913043,-0.44565217391304346,-0.46195652173913043,-0.6467391304347826,-0.5054347826086957,-0.7771739130434783,-0.5380434782608695,-0.8913043478260869,-0.25,-0.5,-0.33152173913043476,-0.7282608695652174,-0.375,-0.875,-0.4076086956521739,-1.0,-0.11956521739130435,-0.5054347826086957,-0.17391304347826086,-0.7282608695652174,-0.21195652173913043,-0.8695652173913043,-0.24456521739130435,-0.9836956521739131,0.02717391304347826,-0.4782608695652174,0.005434782608695652,-0.6630434782608695,-0.010869565217391304,-0.7771739130434783,-0.03804347826086957,-0.8804347826086957
hello,0.0,0.0,-0.203125,-0.026041666666666668,-0.390625,-0.13541666666666666,-0.5052083333333334,-0.2604166666666667,-0.59375,-0.3802083333333333,-0.3385416666666667,-0.4375,-0.4322916666666667,-0.640625,-0.4739583333333333,-0.765625,-0.5,-0.8802083333333334,-0.21875,-0.4947916666666667,-0.296875,-0.71875,-0.3385416666666667,-0.8697916666666666,-0.3697916666666667,-1.0,-0.08333333333333333,-0.5,-0.140625,-0.71875,-0.17708333333333334,-0.859375,-0.20833333333333334,-0.9739583333333334,0.0625,-0.46875,0.041666666666666664,-0.6510416666666666,0.020833333333333332,-0.7708333333333334,-0.005208333333333333,-0.875
help,0.0,0.0,-0.14068441064638784,-0.2965779467680608,-0.33460076045627374,-0.5627376425855514,-0.41064638783269963,-0.8022813688212928,-0.3688212927756654,-1.0,-0.5171102661596958,-0.4448669201520912,-0.8669201520912547,-0.43346007604562736,-0.7642585551330798,-0.4144486692015209,-0.6387832699619772,-0.4144486692015209,-0.5399239543726235,-0.22813688212927757,-0.8859315589353612,-0.25475285171102663,-0.7870722433460076,-0.24714828897338403,-0.6577946768060836,-0.23954372623574144,-0.5437262357414449,-0.022813688212927757,-0.8555133079847909,-0.07984790874524715,-0.7680608365019012,-0.08365019011406843,-0.6425855513307985,-0.07224334600760456,-0.532319391634981,0.17110266159695817,-0.7908745247148289,0.07604562737642585,-0.7186311787072244,0.060836501901140684,-0.6197718631178707,0.07984790874524715
help,0.0,0.0,-0.15810276679841898,-0.2924901185770751,-0.3715415019762846,-0.5533596837944664,-0.47035573122529645,-0.7905138339920948,-0.4505928853754941,-1.0,-0.5612648221343873,-0.41106719367588934,-0.9090909090909091,-0.4150197628458498,-0.8063241106719368,-0.4031620553359684,-0.6837944664031621,-0.40711462450592883,-0.5770750988142292,-0.18972332015810275,-0.924901185770751,-0.233201581027668,-0.8260869565217391,-0.233201581027668,-0.7035573122529645,-0.22134387351778656,-0.5770750988142292,0.023715415019762844,-0.8893280632411067,-0.043478260869565216,-0.8102766798418972,-0.05138339920948617,-0.691699604743083,-0.043478260869565216,-0.5573122529644269,0.2134387351778656,-0.83399209486166,0.1225296442687747,-0.7865612648221344,0.09486166007905138,-0.7075098814229249,0.09881422924901186
help,0.0,0.0,-0.09933774834437085,-0.2913907284768212,-0.26490066225165565,-0.5629139072847682,-0.36423841059602646,-0.7947019867549668,-0.3509933774834437,-1.0,-0.5231788079470199,-0.47019867549668876,-0.8211920529801324,-0.46357615894039733,-0.7284768211920529,-0.4105960264900662,-0.609271523178808,-0.4105960264900662,-0.5695364238410596,-0.2781456953642384,-0.8543046357615894,-0.2913907284768212,-0.7483443708609272,-0.25165562913907286,-0.6291390728476821,-0.24503311258278146,-0.5827814569536424,-0.08609271523178808,-0.8410596026490066,-0.11258278145695365,-0.7483443708609272,-0.08609271523178808,-0.6291390728476821,-0.08609271523178808,-0.5761589403973509,0.08609271523178808,-0.7880794701986755,0.039735099337748346,-0.7218543046357616,0.046357615894039736,-0.6225165562913907,0.052980132450331126
help,0.0,0.0,-0.1497005988023952,-0.2934131736526946,-0.3413173652694611,-0.562874251497006,-0.4550898203592814,-0.8023952095808383,-0.46107784431137727,-1.0,-0.5688622754491018,-0.4311377245508982,-0.8982035928143712,-0.4431137724550898,-0.8023952095808383,-0.41317365269461076,-0.688622754491018,-0.41317365269461076,-0.6047904191616766,-0.20958083832335328,-0.9161676646706587,-0.24550898203592814,-0.8203592814371258,-0.23353293413173654,-0.7065868263473054,-0.2275449101796407,-0.6107784431137725,0.011976047904191617,-0.8982035928143712,-0.059880239520958084,-0.8083832335329342,-0.0658682634730539,-0.688622754491018,-0.05389221556886228,-0.5988023952095808,0.20359281437125748,-0.8562874251497006,0.10179640718562874,-0.8383233532934131,0.0658682634730539,-0.7844311377245509,0.0658682634730539
help,0.0,0.0,-0.06417112299465241,-0.27807486631016043,-0.20320855614973263,-0.5614973262032086,-0.26737967914438504,-0.8021390374331551,-0.25133689839572193,-1.0,-0.3422459893048128,-0.44385026737967914,-0.7379679144385026,-0.48663101604278075,-0.6203208556149733,-0.46524064171123,-0.48663101604278075,-0.4385026737967914,-0.39572192513368987,-0.21390374331550802,-0.7807486631016043,-0.31016042780748665,-0.6631016042780749,-0.2994652406417112,-0.5240641711229946,-0.26737967914438504,-0.44385026737967914,-0.0053475935828877,-0.786096256684492,-0.13903743315508021,-0.6898395721925134,-0.13903743315508021,-0.5561497326203209,-0.10695187165775401,-0.47593582887700536,0.1711229946524064,-0.7540106951871658,0.053475935828877004,-0.679144385026738,0.0374331550802139,-0.5775401069518716,0.06417112299465241
help,0.0,0.0,-0.0935672514619883,-0.28654970760233917,-0.23976608187134502,-0.5555555555555556,-0.3216374269005848,-0.783625730994152,-0.30409356725146197,-0.9824561403508771,-0.40350877192982454,-0.49122807017543857,-0.7543859649122807,-0.5146198830409356,-0.6608187134502924,-0.4619883040935672,-0.5380116959064327,-0.4444444444444444,-0.45614035087719296,-0.29239766081871343,-0.7953216374269005,-0.3333333333333333,-0.695906432748538,-0.28654970760233917,-0.5847953216374269,-0.2631578947368421,-0.4853801169590643,-0.0935672514619883,-0.8070175438596491,-0.15789473684210525,-0.7309941520467836,-0.12280701754385964,-0.6257309941520468,-0.09941520467836257,-0.5087719298245614,0.08187134502923976,-0.7953216374269005,0.023391812865497075,-0.9181286549707602,0.005847953216374269,-1.0,0.0
help,0.0,0.0,0.09655172413793103,-0.30344827586206896,0.20689655172413793,-0.5793103448275863,0.22758620689655173,-0.8068965517241379,0.16551724137931034,-1.0,0.5103448275862069,-0.46206896551724136,0.8275862068965517,-0.46206896551724136,0.7172413793103448,-0.43448275862068964,0.5793103448275863,-0.41379310344827586,0.5448275862068965,-0.2482758620689655,0.8413793103448276,-0.2689655172413793,0.7379310344827587,-0.2620689655172414,0.6,-0.2620689655172414,0.5379310344827586,-0.06206896551724138,0.8,-0.08275862068965517,0.7172413793103448,-0.08275862068965517,0.6,-0.07586206896551724,0.5241379310344828,0.09655172413793103,0.7448275862068966,0.06206896551724138,0.6758620689655173,0.05517241379310345,0.5793103448275863,0.06206896551724138
help,0.0,0.0,0.09259259259259259,-0.30864197530864196,0.2037037037037037,-0.5740740740740741,0.22839506172839505,-0.808641975308642,0.16049382716049382,-1.0,0.46296296296296297,-0.46296296296296297,0.7592592592592593,-0.47530864197530864,0.6851851851851852,-0.42592592592592593,0.5740740740740741,-0.4074074074074074,0.5,-0.25308641975308643,0.7839506172839507,-0.2839506172839506,0.7037037037037037,-0.2654320987654321,0.5925925925925926,-0.24691358024691357,0.5123456790123457,-0.04938271604938271,0.7839506172839507,-0.10493827160493827,0.7160493827160493,-0.09876543209876543,0.6049382716049383,-0.08641975308641975,0.5185185185185185,0.12962962962962962,0.7592592592592593,0.05555555555555555,0.7222222222222222,0.043209876543209874,0.6481481481481481,0.04938271604938271
iloveyou,0.0,0.0,-0.23125,-0.025,-0.4625,-0.15,-0.6375,-0.23125,-0.775,-0.28125,-0.3625,-0.49375,-0.4375,-0.71875,-0.475,-0.875,-0.5,-1.0,-0.23125,-0.51875,-0.25625,-0.6375,-0.21875,-0.44375,-0.20625,-0.30625,-0.08125,-0.525,-0.0875,-0.625,-0.06875,-0.45625,-0.08125,-0.3375,0.06875,-0.5125,0.05625,-0.70625,0.04375,-0.825,0.025,-0.95
iloveyou,0.0,0.0,-0.2392638036809816,-0.024539877300613498,-0.4723926380368098,-0.15337423312883436,-0.6441717791411042,-0.22699386503067484,-0.7852760736196319,-0.26993865030674846,-0.37423312883435583,-0.48466257668711654,-0.44785276073619634,-0.7177914110429447,-0.48466257668711654,-0.8650306748466258,-0.5214723926380368,-1.0,-0.2331288343558282,-0.50920245398773,-0.25766871165644173,-0.6380368098159509,-0.22699386503067484,-0.44785276073619634,-0.2147239263803681,-0.31901840490797545,-0.08588957055214724,-0.5153374233128835,-0.09202453987730061,-0.6257668711656442,-0.07975460122699386,-0.44785276073619634,-0.09815950920245399,-0.3312883435582822,0.06134969325153374,-0.5030674846625767,0.04294478527607362,-0.6993865030674846,0.024539877300613498,-0.8220858895705522,0.0,-0.950920245398773
iloveyou,0.0,0.0,-0.24539877300613497,0.0,-0.49693251533742333,-0.11042944785276074,-0.6809815950920245,-0.17791411042944785,-0.8282208588957055,-0.22085889570552147,-0.44171779141104295,-0.4662576687116564,-0.5460122699386503,-0.6993865030674846,-0.5950920245398773,-0.8466257668711656,-0.6380368098159509,-0.9693251533742331,-0.3067484662576687,-0.50920245398773,-0.3374233128834356,-0.6625766871165644,-0.2883435582822086,-0.49079754601226994,-0.25766871165644173,-0.3374233128834356,-0.15950920245398773,-0.5337423312883436,-0.18404907975460122,-0.6809815950920245,-0.15337423312883436,-0.5214723926380368,-0.147239263803681,-0.38650306748466257,-0.012269938650306749,-0.5398773006134969,-0.049079754601226995,-0.7423312883435583,-0.0736196319018405,-0.8711656441717791,-0.11042944785276074,-1.0
iloveyou,0.0,0.0,-0.24390243902439024,-0.006097560975609756,-0.4878048780487805,-0.11585365853658537,-0.6707317073170732,-0.18902439024390244,-0.8109756097560976,-0.23170731707317074,-0.43902439024390244,-0.4634146341463415,-0.5365853658536586,-0.7012195121951219,-0.5914634146341463,-0.8414634146341463,-0.6341463414634146,-0.975609756097561,-0.29878048780487804,-0.5121951219512195,-0.3353658536585366,-0.6646341463414634,-0.2804878048780488,-0.49390243902439024,-0.24390243902439024,-0.34146341463414637,-0.1524390243902439,-0.5365853658536586,-0.18292682926829268,-0.6890243902439024,-0.14634146341463414,-0.5304878048780488,-0.13414634146341464,-0.39634146341463417,-0.012195121951219513,-0.5487804878048781,-0.04878048780487805,-0.75,-0.07317073170731707,-0.8780487804878049,-0.10365853658536585,-1.0
iloveyou,0.0,0.0,-0.2345679012345679,0.030864197530864196,-0.5,-0.06790123456790123,-0.691358024691358,-0.1419753086419753,-0.8518518518518519,-0.1728395061728395,-0.4506172839506173,-0.43209876543209874,-0.5679012345679012,-0.654320987654321,-0.6358024691358025,-0.7962962962962963,-0.6851851851851852,-0.9259259259259259,-0.32098765432098764,-0.4876543209876543,-0.37037037037037035,-0.6296296296296297,-0.32098765432098764,-0.46296296296296297,-0.29012345679012347,-0.3148148148148148,-0.1728395061728395,-0.5246913580246914,-0.20987654320987653,-0.6666666666666666,-0.1728395061728395,-0.5061728395061729,-0.16666666666666666,-0.37037037037037035,-0.024691358024691357,-0.5432098765432098,-0.07407407407407407,-0.7469135802469136,-0.1111111111111111,-0.8765432098765432,-0.14814814814814814,-1.0
iloveyou,0.0,0.0,-0.23270440251572327,0.03773584905660377,-0.5031446540880503,-0.05660377358490566,-0.7044025157232704,-0.12578616352201258,-0.8679245283018868,-0.16352201257861634,-0.44654088050314467,-0.4276729559748428,-0.5723270440251572,-0.6415094339622641,-0.6352201257861635,-0.7861635220125787,-0.6855345911949685,-0.9182389937106918,-0.31446540880503143,-0.48427672955974843,-0.3710691823899371,-0.6352201257861635,-0.3270440251572327,-0.4528301886792453,-0.2893081761006289,-0.3018867924528302,-0.16981132075471697,-0.5220125786163522,-0.2138364779874214,-0.6415094339622641,-0.1761006289308176,-0.4716981132075472,-0.16352201257861634,-0.3270440251572327,-0.012578616352201259,-0.5345911949685535,-0.06289308176100629,-0.7421383647798742,-0.10062893081761007,-0.8742138364779874,-0.14465408805031446,-1.0
iloveyou,0.0,0.0,-0.1977401129943503,-0.03954802259887006,-0.3785310734463277,-0.1638418079096045,-0.5141242937853108,-0.2542372881355932,-0.632768361581921,-0.327683615819209,-0.288135593220339,-0.480225988700565,-0.3220338983050847,-0.7175141242937854,-0.3389830508474576,-0.8700564971751412,-0.3502824858757062,-1.0,-0.14689265536723164,-0.5028248587570622,-0.10734463276836158,-0.6271186440677966,-0.0903954802259887,-0.4350282485875706,-0.096045197740113,-0.3050847457627119,-0.005649717514124294,-0.5084745762711864,0.05084745762711865,-0.6101694915254238,0.05649717514124294,-0.4463276836158192,0.02824858757062147,-0.3333333333333333,0.12994350282485875,-0.4915254237288136,0.15254237288135594,-0.6836158192090396,0.1751412429378531,-0.7966101694915254,0.1807909604519774,-0.9152542372881356
iloveyou,0.0,0.0,-0.2064516129032258,-0.04516129032258064,-0.3935483870967742,-0.16774193548387098,-0.5483870967741935,-0.25806451612903225,-0.6709677419354839,-0.32903225806451614,-0.2967741935483871,-0.4774193548387097,-0.33548387096774196,-0.7161290322580646,-0.3548387096774194,-0.864516129032258,-0.36774193548387096,-1.0,-0.15483870967741936,-0.5032258064516129,-0.11612903225806452,-0.6258064516129033,-0.09032258064516129,-0.4258064516129032,-0.0967741935483871,-0.3032258064516129,-0.0064516129032258064,-0.5032258064516129,0.04516129032258064,-0.6,0.05806451612903226,-0.4258064516129032,0.025806451612903226,-0.3161290322580645,0.13548387096774195,-0.49032258064516127,0.16129032258064516,-0.6903225806451613,0.1870967741935484,-0.8064516129032258,0.2,-0.9225806451612903
iloveyou,0.0,0.0,-0.23076923076923078,-0.038461538461538464,-0.46153846153846156,-0.1858974358974359,-0.6153846153846154,-0.28205128205128205,-0.75,-0.34615384615384615,-0.3269230769230769,-0.5064102564102564,-0.391025641025641,-0.7243589743589743,-0.4230769230769231,-0.8717948717948718,-0.4423076923076923,-1.0,-0.1858974358974359,-0.5256410256410257,-0.22435897435897437,-0.6474358974358975,-0.21153846153846154,-0.44871794871794873,-0.1987179487179487,-0.3076923076923077,-0.038461538461538464,-0.5192307692307693,-0.057692307692307696,-0.6217948717948718,-0.07051282051282051,-0.4358974358974359,-0.08974358974358974,-0.3141025641025641,0.10897435897435898,-0.48717948717948717,0.11538461538461539,-0.6794871794871795,0.10897435897435898,-0.7948717948717948,0.08974358974358974,-0.9166666666666666
iloveyou,0.0,0.0,0.23125,-0.00625,0.45,-0.125,0.63125,-0.18125,0.78125,-0.175,0.34375,-0.45625,0.4125,-0.70625,0.45,-0.8625,0.4875,-1.0,0.2125,-0.48125,0.2625,-0.55625,0.23125,-0.35625,0.19375,-0.2125,0.06875,-0.4875,0.1125,-0.56875,0.10625,-0.375,0.09375,-0.2375,-0.06875,-0.48125,-0.08125,-0.70625,-0.0875,-0.84375,-0.0875,-0.9875
iloveyou,0.0,0.0,0.2138364779874214,-0.031446540880503145,0.39622641509433965,-0.1509433962264151,0.5471698113207547,-0.23270440251572327,0.6792452830188679,-0.2641509433962264,0.31446540880503143,-0.49056603773584906,0.3522012578616352,-0.7232704402515723,0.3710691823899371,-0.8742138364779874,0.3836477987421384,-1.0,0.18238993710691823,-0.5031446540880503,0.18238993710691823,-0.5723270440251572,0.15723270440251572,-0.37735849056603776,0.14465408805031446,-0.25157232704402516,0.0440251572327044,-0.4968553459119497,0.025157232704402517,-0.5660377358490566,0.03773584905660377,-0.39622641509433965,0.0440251572327044,-0.27044025157232704,-0.09433962264150944,-0.4779874213836478,-0.12578616352201258,-0.6792452830188679,-0.15723270440251572,-0.8050314465408805,-0.16981132075471697,-0.9433962264150944
iloveyou,0.0,0.0,0.22818791946308725,-0.020134228187919462,0.4228187919463087,-0.14093959731543623,0.5838926174496645,-0.24161073825503357,0.7248322147651006,-0.2751677852348993,0.3624161073825503,-0.4697986577181208,0.4228187919463087,-0.7046979865771812,0.44966442953020136,-0.8590604026845637,0.4697986577181208,-1.0,0.22818791946308725,-0.4966442953020134,0.2348993288590604,-0.610738255033557,0.20134228187919462,-0.40939597315436244,0.174496644295302,-0.26174496644295303,0.087248322147651,-0.5100671140939598,0.08053691275167785,-0.610738255033557,0.08053691275167785,-0.4228187919463087,0.087248322147651,-0.28187919463087246,-0.06040268456375839,-0.5033557046979866,-0.0738255033557047,-0.7181208053691275,-0.087248322147651,-0.8456375838926175,-0.09395973154362416,-0.9865771812080537
more,0.0,0.0,-0.4,-0.15454545454545454,-0.6090909090909091,-0.37272727272727274,-0.7727272727272727,-0.5,-0.8909090909090909,-0.5818181818181818,-0.17272727272727273,-0.8636363636363636,-0.5727272727272728,-0.9454545454545454,-0.8090909090909091,-0.8363636363636363,-0.9545454545454546,-0.7272727272727273,-0.11818181818181818,-0.8181818181818182,-0.5727272727272728,-0.9363636363636364,-0.8363636363636363,-0.8090909090909091,-1.0,-0.6727272727272727,-0.13636363636363635,-0.7090909090909091,-0.5818181818181818,-0.8181818181818182,-0.8272727272727273,-0.7272727272727273,-0.990909090909091,-0.6272727272727273,-0.22727272727272727,-0.5272727272727272,-0.5909090909090909,-0.5545454545454546,-0.8,-0.5363636363636364,-0.9636363636363636,-0.5181818181818182
more,0.0,0.0,0.37606837606837606,-0.1794871794871795,0.5384615384615384,-0.4188034188034188,0.6923076923076923,-0.5726495726495726,0.8461538461538461,-0.6666666666666666,0.07692307692307693,-0.811965811965812,0.42735042735042733,-0.9743589743589743,0.6666666666666666,-0.8974358974358975,0.811965811965812,-0.8034188034188035,0.03418803418803419,-0.7863247863247863,0.452991452991453,-1.0,0.7094017094017094,-0.8888888888888888,0.8717948717948718,-0.7777777777777778,0.07692307692307693,-0.6923076923076923,0.49572649572649574,-0.905982905982906,0.7435897435897436,-0.8290598290598291,0.8888888888888888,-0.7606837606837606,0.18803418803418803,-0.5470085470085471,0.5555555555555556,-0.6410256410256411,0.7435897435897436,-0.6581196581196581,0.8717948717948718,-0.6752136752136753
more,0.0,0.0,-0.40186915887850466,-0.14018691588785046,-0.5981308411214953,-0.35514018691588783,-0.7476635514018691,-0.4953271028037383,-0.8504672897196262,-0.5794392523364486,-0.1588785046728972,-0.8598130841121495,-0.5514018691588785,-0.9532710280373832,-0.794392523364486,-0.8691588785046729,-0.9532710280373832,-0.7663551401869159,-0.102803738317757,-0.822429906542056,-0.5607476635514018,-0.9532710280373832,-0.8130841121495327,-0.8411214953271028,-0.9906542056074766,-0.719626168224299,-0.1308411214953271,-0.719626168224299,-0.5794392523364486,-0.822429906542056,-0.822429906542056,-0.7383177570093458,-1.0,-0.6448598130841121,-0.21495327102803738,-0.5420560747663551,-0.5981308411214953,-0.5607476635514018,-0.8037383177570093,-0.5327102803738317,-0.9626168224299065,-0.514018691588785
more,0.0,0.0,-0.09836065573770492,-0.22950819672131148,-0.27049180327868855,-0.45901639344262296,-0.4918032786885246,-0.5573770491803278,-0.6721311475409836,-0.5737704918032787,-0.1557377049180328,-0.7459016393442623,-0.5655737704918032,-0.8032786885245902,-0.7622950819672131,-0.7213114754098361,-0.8688524590163934,-0.639344262295082,-0.22950819672131148,-0.6557377049180327,-0.6311475409836066,-0.7459016393442623,-0.8114754098360656,-0.6721311475409836,-0.9262295081967213,-0.5901639344262295,-0.32786885245901637,-0.5245901639344263,-0.7049180327868853,-0.5983606557377049,-0.8688524590163934,-0.5655737704918032,-0.9836065573770492,-0.5245901639344263,-0.4426229508196721,-0.36065573770491804,-0.7377049180327869,-0.4344262295081967,-0.8852459016393442,-0.45901639344262296,-1.0,-0.4918032786885246
more,0.0,0.0,0.34959349593495936,-0.21951219512195122,0.5203252032520326,-0.4796747967479675,0.6666666666666666,-0.6504065040650406,0.7967479674796748,-0.7642276422764228,0.0975609756097561,-0.8373983739837398,0.3983739837398374,-0.967479674796748,0.6341463414634146,-0.9105691056910569,0.7886178861788617,-0.8455284552845529,0.024390243902439025,-0.8211382113821138,0.3983739837398374,-1.0,0.6341463414634146,-0.9186991869918699,0.7967479674796748,-0.8455284552845529,0.016260162601626018,-0.7398373983739838,0.3821138211382114,-0.9105691056910569,0.6260162601626016,-0.8617886178861789,0.7967479674796748,-0.8048780487804879,0.07317073170731707,-0.6178861788617886,0.4065040650406504,-0.6991869918699187,0.6016260162601627,-0.7154471544715447,0.7560975609756098,-0.7235772357723578
more,0.0,0.0,0.36936936936936937,-0.12612612612612611,0.5405405405405406,-0.34234234234234234,0.6936936936936937,-0.4774774774774775,0.8468468468468469,-0.5945945945945946,0.09009009009009009,-0.8108108108108109,0.45045045045045046,-0.9369369369369369,0.7027027027027027,-0.8558558558558559,0.8738738738738738,-0.7477477477477478,0.04504504504504504,-0.8198198198198198,0.4594594594594595,-1.0,0.7117117117117117,-0.9009009009009009,0.8918918918918919,-0.7927927927927928,0.08108108108108109,-0.7747747747747747,0.4954954954954955,-0.9459459459459459,0.7477477477477478,-0.8558558558558559,0.918918918918919,-0.7567567567567568,0.1981981981981982,-0.6666666666666666,0.5495495495495496,-0.7117117117117117,0.7477477477477478,-0.6936936936936937,0.8918918918918919,-0.6576576576576577
more,0.0,0.0,-0.37037037037037035,-0.10185185185185185,-0.5740740740740741,-0.2962962962962963,-0.7407407407407407,-0.4351851851851852,-0.8611111111111112,-0.5462962962962963,-0.1388888888888889,-0.7870370370370371,-0.5370370370370371,-0.8981481481481481,-0.7962962962962963,-0.8055555555555556,-0.9629629629629629,-0.6851851851851852,-0.09259259259259259,-0.7870370370370371,-0.5370370370370371,-0.9351851851851852,-0.7870370370370371,-0.8148148148148148,-0.9537037037037037,-0.6944444444444444,-0.12037037037037036,-0.7129629629629629,-0.5833333333333334,-0.8796296296296297,-0.8240740740740741,-0.7870370370370371,-1.0,-0.6851851851851852,-0.21296296296296297,-0.5648148148148148,-0.6203703703703703,-0.6296296296296297,-0.8333333333333334,-0.6018518518518519,-0.9907407407407407,-0.5740740740740741
more,0.0,0.0,0.32038834951456313,-0.019417475728155338,0.5242718446601942,-0.2524271844660194,0.6796116504854369,-0.47572815533980584,0.8349514563106796,-0.6116504854368932,0.2524271844660194,-0.6019417475728155,0.6116504854368932,-0.7864077669902912,0.8252427184466019,-0.7475728155339806,0.9611650485436893,-0.6990291262135923,0.0970873786407767,-0.7184466019417476,0.4854368932038835,-0.9611650485436893,0.7184466019417476,-0.8737864077669902,0.8640776699029126,-0.7572815533980582,0.0,-0.7572815533980582,0.33980582524271846,-1.0,0.5533980582524272,-0.9029126213592233,0.6796116504854369,-0.8155339805825242,-0.04854368932038835,-0.7475728155339806,0.22330097087378642,-0.883495145631068,0.3786407766990291,-0.8349514563106796,0.47572815533980584,-0.7864077669902912
more,0.0,0.0,-0.37168141592920356,-0.1592920353982301,-0.6106194690265486,-0.36283185840707965,-0.8230088495575221,-0.49557522123893805,-1.0,-0.584070796460177,-0.24778761061946902,-0.8761061946902655,-0.5752212389380531,-0.9557522123893806,-0.8141592920353983,-0.8495575221238938,-0.9557522123893806,-0.7256637168141593,-0.1592920353982301,-0.8761061946902655,-0.5752212389380531,-0.9734513274336283,-0.8141592920353983,-0.8407079646017699,-0.9646017699115044,-0.7079646017699115,-0.12389380530973451,-0.7964601769911505,-0.5309734513274337,-0.8938053097345132,-0.7787610619469026,-0.7964601769911505,-0.9469026548672567,-0.6902654867256637,-0.1504424778761062,-0.6283185840707964,-0.5221238938053098,-0.6371681415929203,-0.7345132743362832,-0.6017699115044248,-0.8938053097345132,-0.584070796460177
more,0.0,0.0,0.3008849557522124,-0.10619469026548672,0.46017699115044247,-0.35398230088495575,0.6371681415929203,-0.5398230088495575,0.7876106194690266,-0.6637168141592921,0.04424778761061947,-0.7079646017699115,0.40707964601769914,-0.8938053097345132,0.6283185840707964,-0.8230088495575221,0.7699115044247787,-0.7433628318584071,-0.008849557522123894,-0.7433628318584071,0.3893805309734513,-1.0,0.6371681415929203,-0.8849557522123894,0.7876106194690266,-0.7699115044247787,0.02654867256637168,-0.7079646017699115,0.3893805309734513,-0.9557522123893806,0.6194690265486725,-0.8672566371681416,0.7522123893805309,-0.7699115044247787,0.11504424778761062,-0.6194690265486725,0.4690265486725664,-0.7256637168141593,0.6637168141592921,-0.7168141592920354,0.7964601769911505,-0.7079646017699115
more,0.0,0.0,-0.3739130434782609,-0.13043478260869565,-0.6086956521739131,-0.3217391304347826,-0.8173913043478261,-0.45217391304347826,-1.0,-0.5391304347826087,-0.24347826086956523,-0.8347826086956521,-0.5826086956521739,-0.9130434782608695,-0.8260869565217391,-0.808695652173913,-0.9739130434782609,-0.6869565217391305,-0.16521739130434782,-0.8347826086956521,-0.591304347826087,-0.9217391304347826,-0.8260869565217391,-0.8,-0.9652173913043478,-0.6869565217391305,-0.1391304347826087,-0.7391304347826086,-0.5565217391304348,-0.8347826086956521,-0.8,-0.7391304347826086,-0.9565217391304348,-0.6347826086956522,-0.1826086956521739,-0.5652173913043478,-0.5565217391304348,-0.591304347826087,-0.7652173913043478,-0.5652173913043478,-0.9130434782608695,-0.5391304347826087
more,0.0,0.0,0.39655172413793105,-0.1896551724137931,0.5775862068965517,-0.39655172413793105,0.7241379310344828,-0.5603448275862069,0.8448275862068966,-0.6724137931034483,0.10344827586206896,-0.7844827586206896,0.4396551724137931,-0.9655172413793104,0.6637931034482759,-0.9137931034482759,0.8103448275862069,-0.8362068965517241,0.0603448275862069,-0.7672413793103449,0.45689655172413796,-1.0,0.6982758620689655,-0.9051724137931034,0.8448275862068966,-0.8017241379310345,0.09482758620689655,-0.6896551724137931,0.47413793103448276,-0.896551724137931,0.7155172413793104,-0.8275862068965517,0.853448275862069,-0.75,0.19827586206896552,-0.5603448275862069,0.5431034482758621,-0.6637931034482759,0.7327586206896551,-0.6810344827586207,0.8620689655172413,-0.7068965517241379
more,0.0,0.0,0.3983050847457627,-0.2288135593220339,0.5677966101694916,-0.4491525423728814,0.7203389830508474,-0.5932203389830508,0.8559322033898306,-0.7033898305084746,0.09322033898305085,-0.7966101694915254,0.4067796610169492,-0.9830508474576272,0.635593220338983,-0.923728813559322,0.788135593220339,-0.8559322033898306,0.0423728813559322,-0.7711864406779662,0.423728813559322,-1.0,0.6694915254237288,-0.9152542372881356,0.8135593220338984,-0.8135593220338984,0.07627118644067797,-0.6864406779661016,0.4406779661016949,-0.8813559322033898,0.6779661016949152,-0.8305084745762712,0.8305084745762712,-0.7627118644067796,0.1864406779661017,-0.559322033898305,0.5169491525423728,-0.652542372881356,0.7033898305084746,-0.652542372881356,0.8305084745762712,-0.652542372881356
more,0.0,0.0,0.39655172413793105,-0.20689655172413793,0.5603448275862069,-0.4396551724137931,0.7155172413793104,-0.5862068965517241,0.8620689655172413,-0.6896551724137931,0.0603448275862069,-0.7844827586206896,0.3879310344827586,-0.9655172413793104,0.6206896551724138,-0.9224137931034483,0.7672413793103449,-0.8620689655172413,0.008620689655172414,-0.7672413793103449,0.3879310344827586,-1.0,0.646551724137931,-0.9051724137931034,0.7931034482758621,-0.8017241379310345,0.05172413793103448,-0.6810344827586207,0.43103448275862066,-0.8793103448275862,0.6724137931034483,-0.8103448275862069,0.8275862068965517,-0.7413793103448276,0.16379310344827586,-0.5603448275862069,0.5086206896551724,-0.6379310344827587,0.6982758620689655,-0.6379310344827587,0.8189655172413793,-0.6379310344827587
more,0.0,0.0,-0.21359223300970873,-0.10679611650485436,-0.44660194174757284,-0.30097087378640774,-0.6990291262135923,-0.4174757281553398,-0.912621359223301,-0.4854368932038835,-0.14563106796116504,-0.7475728155339806,-0.5728155339805825,-0.8543689320388349,-0.8058252427184466,-0.7669902912621359,-0.9514563106796117,-0.6601941747572816,-0.1262135922330097,-0.7281553398058253,-0.5825242718446602,-0.883495145631068,-0.8349514563106796,-0.7961165048543689,-0.9902912621359223,-0.6699029126213593,-0.18446601941747573,-0.6310679611650486,-0.6213592233009708,-0.7572815533980582,-0.8446601941747572,-0.7087378640776699,-1.0,-0.6213592233009708,-0.2815533980582524,-0.46601941747572817,-0.6213592233009708,-0.5242718446601942,-0.8155339805825242,-0.5145631067961165,-0.9611650485436893,-0.4854368932038835
more,0.0,0.0,-0.35185185185185186,-0.14814814814814814,-0.5555555555555556,-0.3611111111111111,-0.7407407407407407,-0.46296296296296297,-0.8703703703703703,-0.5370370370370371,-0.17592592592592593,-0.8055555555555556,-0.5555555555555556,-0.8888888888888888,-0.7777777777777778,-0.8055555555555556,-0.9259259259259259,-0.7129629629629629,-0.1574074074074074,-0.7777777777777778,-0.5833333333333334,-0.8981481481481481,-0.8055555555555556,-0.7870370370370371,-0.9537037037037037,-0.6759259259259259,-0.2037037037037037,-0.6851851851851852,-0.6203703703703703,-0.7962962962962963,-0.8333333333333334,-0.7129629629629629,-1.0,-0.6388888888888888,-0.3148148148148148,-0.5277777777777778,-0.6574074074074074,-0.5648148148148148,-0.8425925925925926,-0.5462962962962963,-0.9907407407407407,-0.5277777777777778
more,0.0,0.0,0.35454545454545455,-0.2,0.509090909090909,-0.43636363636363634,0.6727272727272727,-0.5818181818181818,0.8090909090909091,-0.6727272727272727,0.03636363636363636,-0.7909090909090909,0.37272727272727274,-0.9727272727272728,0.6090909090909091,-0.8909090909090909,0.7727272727272727,-0.8090909090909091,-0.01818181818181818,-0.7636363636363637,0.38181818181818183,-1.0,0.6363636363636364,-0.8909090909090909,0.7909090909090909,-0.7727272727272727,0.00909090909090909,-0.6727272727272727,0.4,-0.8818181818181818,0.6545454545454545,-0.8,0.8090909090909091,-0.7272727272727273,0.10909090909090909,-0.5181818181818182,0.4636363636363636,-0.6272727272727273,0.6727272727272727,-0.6272727272727273,0.8,-0.6363636363636364
more,0.0,0.0,0.29292929292929293,-0.1414141414141414,0.5353535353535354,-0.3838383838383838,0.7676767676767676,-0.5252525252525253,0.9292929292929293,-0.6363636363636364,0.04040404040404041,-0.7777777777777778,0.45454545454545453,-0.9696969696969697,0.7474747474747475,-0.8888888888888888,0.9292929292929293,-0.7777777777777778,-0.010101010101010102,-0.7272727272727273,0.45454545454545453,-1.0,0.7474747474747475,-0.8888888888888888,0.9292929292929293,-0.7676767676767676,0.030303030303030304,-0.6060606060606061,0.46464646464646464,-0.8282828282828283,0.7474747474747475,-0.7676767676767676,0.9393939393939394,-0.696969696969697,0.1414141414141414,-0.4444444444444444,0.5252525252525253,-0.5555555555555556,0.7373737373737373,-0.5656565656565656,0.8888888888888888,-0.5656565656565656
more,0.0,0.0,-0.28695652173913044,-0.19130434782608696,-0.46956521739130436,-0.3826086956521739,-0.6434782608695652,-0.4956521739130435,-0.782608695652174,-0.5652173913043478,-0.14782608695652175,-0.782608695652174,-0.5391304347826087,-0.8782608695652174,-0.7652173913043478,-0.7913043478260869,-0.8956521739130435,-0.6956521739130435,-0.1391304347826087,-0.7391304347826086,-0.5826086956521739,-0.8608695652173913,-0.808695652173913,-0.7478260869565218,-0.9652173913043478,-0.6434782608695652,-0.19130434782608696,-0.6347826086956522,-0.6086956521739131,-0.7478260869565218,-0.8347826086956521,-0.6782608695652174,-1.0,-0.6086956521739131,-0.2956521739130435,-0.4782608695652174,-0.6521739130434783,-0.5304347826086957,-0.8347826086956521,-0.5304347826086957,-0.9739130434782609,-0.5391304347826087
no,0.0,0.0,0.27049180327868855,-0.02459016393442623,0.5573770491803278,-0.12295081967213115,0.7459016393442623,-0.13114754098360656,0.9426229508196722,-0.10655737704918032,0.5,-0.6311475409836066,0.7131147540983607,-0.6721311475409836,0.860655737704918,-0.6721311475409836,1.0,-0.6721311475409836,0.3360655737704918,-0.7131147540983607,0.5901639344262295,-0.7213114754098361,0.7786885245901639,-0.6557377049180327,0.9262295081967213,-0.639344262295082,0.13934426229508196,-0.7295081967213115,0.36065573770491804,-0.5573770491803278,0.28688524590163933,-0.36065573770491804,0.20491803278688525,-0.319672131147541,-0.04918032786885246,-0.6721311475409836,0.13934426229508196,-0.5327868852459017,0.11475409836065574,-0.38524590163934425,0.05737704918032787,-0.36885245901639346
no,0.0,0.0,0.2457627118644068,-0.00847457627118644,0.5254237288135594,-0.11016949152542373,0.7203389830508474,-0.13559322033898305,0.9322033898305084,-0.1016949152542373,0.4915254237288136,-0.635593220338983,0.7033898305084746,-0.652542372881356,0.8559322033898306,-0.6610169491525424,1.0,-0.6610169491525424,0.3305084745762712,-0.7288135593220338,0.5677966101694916,-0.711864406779661,0.7542372881355932,-0.6440677966101694,0.9067796610169492,-0.635593220338983,0.1271186440677966,-0.7372881355932204,0.3559322033898305,-0.5508474576271186,0.2796610169491525,-0.3559322033898305,0.19491525423728814,-0.3220338983050847,-0.0847457627118644,-0.6694915254237288,0.1271186440677966,-0.5254237288135594,0.1016949152542373,-0.3728813559322034,0.025423728813559324,-0.3644067796610169
no,0.0,0.0,0.2920353982300885,-0.05309734513274336,0.5575221238938053,-0.17699115044247787,0.7433628318584071,-0.25663716814159293,0.9380530973451328,-0.2920353982300885,0.5663716814159292,-0.6548672566371682,0.7433628318584071,-0.7699115044247787,0.8761061946902655,-0.8053097345132744,1.0,-0.8495575221238938,0.40707964601769914,-0.7433628318584071,0.6283185840707964,-0.8849557522123894,0.7964601769911505,-0.8584070796460177,0.9380530973451328,-0.8761061946902655,0.19469026548672566,-0.7787610619469026,0.3805309734513274,-0.7699115044247787,0.336283185840708,-0.5486725663716814,0.2831858407079646,-0.4690265486725664,-0.035398230088495575,-0.7522123893805309,0.1415929203539823,-0.7256637168141593,0.13274336283185842,-0.5486725663716814,0.07964601769911504,-0.48672566371681414
no,0.0,0.0,0.2553191489361702,0.0,0.5425531914893617,-0.14893617021276595,0.723404255319149,-0.2127659574468085,0.925531914893617,-0.19148936170212766,0.5319148936170213,-0.6914893617021277,0.6914893617021277,-0.8297872340425532,0.8404255319148937,-0.8829787234042553,1.0,-0.9148936170212766,0.2978723404255319,-0.776595744680851,0.40425531914893614,-0.9680851063829787,0.574468085106383,-0.9148936170212766,0.723404255319149,-0.8723404255319149,0.02127659574468085,-0.776595744680851,0.14893617021276595,-0.9361702127659575,0.22340425531914893,-0.7127659574468085,0.23404255319148937,-0.5319148936170213,-0.26595744680851063,-0.7021276595744681,-0.13829787234042554,-0.8404255319148937,-0.05319148936170213,-0.6808510638297872,-0.0425531914893617,-0.5319148936170213
no,0.0,0.0,0.24509803921568626,-0.029411764705882353,0.5,-0.13725490196078433,0.6568627450980392,-0.1568627450980392,0.7843137254901961,-0.10784313725490197,0.5392156862745098,-0.7156862745098039,0.6176470588235294,-0.8431372549019608,0.7254901960784313,-0.8333333333333334,0.8431372549019608,-0.7843137254901961,0.30392156862745096,-0.803921568627451,0.35294117647058826,-1.0,0.4411764705882353,-0.9019607843137255,0.5098039215686274,-0.7745098039215687,0.049019607843137254,-0.7941176470588235,0.09803921568627451,-0.9019607843137255,0.16666666666666666,-0.696078431372549,0.18627450980392157,-0.5196078431372549,-0.22549019607843138,-0.7156862745098039,-0.14705882352941177,-0.7941176470588235,-0.06862745098039216,-0.6470588235294118,-0.0196078431372549,-0.5196078431372549
no,0.0,0.0,-0.24761904761904763,0.0,-0.5428571428571428,-0.1619047619047619,-0.7428571428571429,-0.2761904761904762,-0.9333333333333333,-0.34285714285714286,-0.5333333333333333,-0.6095238095238096,-0.7333333333333333,-0.7619047619047619,-0.8761904761904762,-0.8666666666666667,-1.0,-0.9523809523809523,-0.3619047619047619,-0.7047619047619048,-0.5619047619047619,-0.8857142857142857,-0.7238095238095238,-0.9142857142857143,-0.8857142857142857,-0.9428571428571428,-0.1523809523809524,-0.7333333333333333,-0.3619047619047619,-0.8095238095238095,-0.3619047619047619,-0.5428571428571428,-0.34285714285714286,-0.34285714285714286,0.0761904761904762,-0.7142857142857143,-0.12380952380952381,-0.7142857142857143,-0.1619047619047619,-0.5047619047619047,-0.13333333333333333,-0.34285714285714286
no,0.0,0.0,-0.25806451612903225,-0.024193548387096774,-0.5403225806451613,-0.18548387096774194,-0.7338709677419355,-0.29838709677419356,-0.9274193548387096,-0.3709677419354839,-0.5403225806451613,-0.5967741935483871,-0.7419354838709677,-0.75,-0.8790322580645161,-0.8467741935483871,-1.0,-0.9354838709677419,-0.3790322580645161,-0.6935483870967742,-0.5967741935483871,-0.8629032258064516,-0.7661290322580645,-0.9032258064516129,-0.9193548387096774,-0.9274193548387096,-0.1774193548387097,-0.7338709677419355,-0.4032258064516129,-0.7983870967741935,-0.3951612903225806,-0.5403225806451613,-0.3548387096774194,-0.3548387096774194,0.04032258064516129,-0.717741935483871,-0.1774193548387097,-0.6935483870967742,-0.20161290322580644,-0.49193548387096775,-0.16129032258064516,-0.3387096774193548
no,0.0,0.0,-0.24509803921568626,-0.0196078431372549,-0.4803921568627451,-0.12745098039215685,-0.6274509803921569,-0.22549019607843138,-0.7549019607843137,-0.29411764705882354,-0.6274509803921569,-0.7156862745098039,-0.7647058823529411,-0.8235294117647058,-0.8529411764705882,-0.9019607843137255,-0.9215686274509803,-1.0,-0.4117647058823529,-0.8137254901960784,-0.5098039215686274,-0.9607843137254902,-0.5882352941176471,-0.9509803921568627,-0.6862745098039216,-0.9705882352941176,-0.17647058823529413,-0.8431372549019608,-0.2647058823529412,-0.9117647058823529,-0.27450980392156865,-0.6470588235294118,-0.27450980392156865,-0.46078431372549017,0.0784313725490196,-0.7941176470588235,-0.0196078431372549,-0.8137254901960784,-0.06862745098039216,-0.6078431372549019,-0.058823529411764705,-0.4803921568627451
no,0.0,0.0,-0.2545454545454545,-0.05454545454545454,-0.45454545454545453,-0.15454545454545454,-0.5727272727272728,-0.2636363636363636,-0.6454545454545455,-0.4,-0.6272727272727273,-0.6727272727272727,-0.7727272727272727,-0.8545454545454545,-0.8090909090909091,-0.9,-0.7909090909090909,-0.9090909090909091,-0.41818181818181815,-0.7545454545454545,-0.5727272727272728,-1.0,-0.6,-0.9090909090909091,-0.5909090909090909,-0.8727272727272727,-0.2,-0.7727272727272727,-0.3,-0.8909090909090909,-0.3,-0.6181818181818182,-0.2727272727272727,-0.4818181818181818,0.045454545454545456,-0.7363636363636363,-0.06363636363636363,-0.7909090909090909,-0.10909090909090909,-0.5909090909090909,-0.09090909090909091,-0.4909090909090909
no,0.0,0.0,-0.211864406779661,-0.059322033898305086,-0.3644067796610169,-0.19491525423728814,-0.4576271186440678,-0.3135593220338983,-0.5254237288135594,-0.3813559322033898,-0.4067796610169492,-0.6101694915254238,-0.4830508474576271,-0.7627118644067796,-0.5338983050847458,-0.864406779661017,-0.576271186440678,-0.9745762711864406,-0.2457627118644068,-0.6610169491525424,-0.3389830508474576,-0.8305084745762712,-0.3983050847457627,-0.8898305084745762,-0.4576271186440678,-1.0,-0.059322033898305086,-0.6610169491525424,-0.1016949152542373,-0.8050847457627118,-0.11016949152542373,-0.6186440677966102,-0.11864406779661017,-0.5,0.13559322033898305,-0.6101694915254238,0.09322033898305085,-0.7288135593220338,0.059322033898305086,-0.5932203389830508,0.03389830508474576,-0.4915254237288136
no,0.0,0.0,-0.2222222222222222,0.010101010101010102,-0.4444444444444444,-0.1111111111111111,-0.5757575757575758,-0.24242424242424243,-0.696969696969697,-0.32323232323232326,-0.5959595959595959,-0.5959595959595959,-0.7171717171717171,-0.7676767676767676,-0.7777777777777778,-0.898989898989899,-0.8080808080808081,-1.0,-0.3939393939393939,-0.6868686868686869,-0.5252525252525253,-0.9191919191919192,-0.5858585858585859,-0.9696969696969697,-0.6262626262626263,-0.98989898989899,-0.1717171717171717,-0.7070707070707071,-0.24242424242424243,-0.8686868686868687,-0.23232323232323232,-0.5959595959595959,-0.21212121212121213,-0.3939393939393939,0.0707070707070707,-0.6868686868686869,0.0,-0.797979797979798,-0.020202020202020204,-0.6060606060606061,-0.030303030303030304,-0.4444444444444444
repeat,0.0,0.0,0.16037735849056603,-0.1320754716981132,0.3584905660377358,-0.19339622641509435,0.5377358490566038,-0.16981132075471697,0.6509433962264151,-0.12735849056603774,0.46226415094339623,-0.33490566037735847,0.7216981132075472,-0.16981132075471697,0.8584905660377359,-0.0660377358490566,0.9575471698113207,0.018867924528301886,0.46226415094339623,-0.2830188679245283,0.75,-0.11320754716981132,0.8915094339622641,-0.0047169811320754715,1.0,0.08018867924528301,0.4386792452830189,-0.18867924528301888,0.7216981132075472,-0.02830188679245283,0.8632075471698113,0.07075471698113207,0.9716981132075472,0.14150943396226415,0.41037735849056606,-0.05188679245283019,0.6462264150943396,0.05188679245283019,0.7641509433962265,0.12264150943396226,0.8679245283018868,0.17452830188679244
repeat,0.0,0.0,-0.0056179775280898875,-0.19101123595505617,0.11235955056179775,-0.37640449438202245,0.21910112359550563,-0.4943820224719101,0.3089887640449438,-0.5955056179775281,0.38764044943820225,-0.37640449438202245,0.601123595505618,-0.4887640449438202,0.7528089887640449,-0.5786516853932584,0.8820224719101124,-0.6460674157303371,0.43820224719101125,-0.3146067415730337,0.6741573033707865,-0.43820224719101125,0.848314606741573,-0.5449438202247191,1.0,-0.6292134831460674,0.4550561797752809,-0.2303370786516854,0.6853932584269663,-0.3651685393258427,0.8426966292134831,-0.4550561797752809,0.9775280898876404,-0.5337078651685393,0.43820224719101125,-0.12359550561797752,0.6123595505617978,-0.2303370786516854,0.7359550561797753,-0.30337078651685395,0.8370786516853933,-0.3707865168539326
repeat,0.0,0.0,-0.036458333333333336,-0.18229166666666666,0.078125,-0.390625,0.203125,-0.515625,0.3072916666666667,-0.6041666666666666,0.40625,-0.4114583333333333,0.609375,-0.5260416666666666,0.7552083333333334,-0.609375,0.8802083333333334,-0.6770833333333334,0.4739583333333333,-0.3489583333333333,0.6979166666666666,-0.4739583333333333,0.859375,-0.5729166666666666,1.0,-0.6510416666666666,0.5,-0.2604166666666667,0.7135416666666666,-0.390625,0.8645833333333334,-0.484375,0.9947916666666666,-0.5625,0.4791666666666667,-0.15104166666666666,0.65625,-0.2604166666666667,0.78125,-0.34375,0.890625,-0.4114583333333333
repeat,0.0,0.0,0.16393442622950818,-0.1366120218579235,0.3770491803278688,-0.18579234972677597,0.5683060109289617,-0.11475409836065574,0.6994535519125683,-0.01639344262295082,0.4808743169398907,-0.3005464480874317,0.7377049180327869,-0.08743169398907104,0.8907103825136612,0.03825136612021858,0.994535519125683,0.1366120218579235,0.47540983606557374,-0.26229508196721313,0.7595628415300546,-0.03278688524590164,0.8961748633879781,0.11475409836065574,1.0,0.22404371584699453,0.45901639344262296,-0.18032786885245902,0.73224043715847,0.0273224043715847,0.8524590163934426,0.16393442622950818,0.9344262295081968,0.2677595628415301,0.4371584699453552,-0.060109289617486336,0.6666666666666666,0.08196721311475409,0.7868852459016393,0.18579234972677597,0.8797814207650273,0.26229508196721313
repeat,0.0,0.0,0.23204419889502761,-0.027624309392265192,0.430939226519337,-0.07734806629834254,0.6022099447513812,-0.055248618784530384,0.7182320441988951,-0.022099447513812154,0.4972375690607735,-0.3701657458563536,0.7403314917127072,-0.14917127071823205,0.8784530386740331,-0.022099447513812154,0.988950276243094,0.0718232044198895,0.48066298342541436,-0.35911602209944754,0.7624309392265194,-0.11049723756906077,0.8895027624309392,0.03867403314917127,1.0,0.15469613259668508,0.46408839779005523,-0.287292817679558,0.7348066298342542,-0.049723756906077346,0.8729281767955801,0.09944751381215469,0.9834254143646409,0.20441988950276244,0.4419889502762431,-0.16574585635359115,0.6961325966850829,-0.0055248618784530384,0.8287292817679558,0.09944751381215469,0.9392265193370166,0.17679558011049723
repeat,0.0,0.0,-0.017241379310344827,-0.1781609195402299,0.1206896551724138,-0.3620689655172414,0.23563218390804597,-0.47701149425287354,0.3218390804597701,-0.5689655172413793,0.41379310344827586,-0.40229885057471265,0.6206896551724138,-0.5287356321839081,0.7701149425287356,-0.632183908045977,0.8908045977011494,-0.7068965517241379,0.4540229885057471,-0.3505747126436782,0.6839080459770115,-0.47701149425287354,0.8505747126436781,-0.5804597701149425,1.0,-0.6609195402298851,0.45977011494252873,-0.27586206896551724,0.6839080459770115,-0.40229885057471265,0.8333333333333334,-0.4885057471264368,0.9655172413793104,-0.5574712643678161,0.4367816091954023,-0.1896551724137931,0.6149425287356322,-0.28160919540229884,0.7298850574712644,-0.3563218390804598,0.8333333333333334,-0.42528735632183906
repeat,0.0,0.0,-0.010869565217391304,-0.19021739130434784,-0.15217391304347827,-0.3695652173913043,-0.27717391304347827,-0.4891304347826087,-0.40217391304347827,-0.5760869565217391,-0.42934782608695654,-0.41847826086956524,-0.6358695652173914,-0.5380434782608695,-0.7717391304347826,-0.625,-0.8913043478260869,-0.6847826086956522,-0.4673913043478261,-0.375,-0.7010869565217391,-0.5,-0.8641304347826086,-0.5978260869565217,-1.0,-0.6739130434782609,-0.4782608695652174,-0.30434782608695654,-0.717391304347826,-0.42391304347826086,-0.8695652173913043,-0.5054347826086957,-0.9945652173913043,-0.5706521739130435,-0.46195652173913043,-0.21195652173913043,-0.6467391304347826,-0.29891304347826086,-0.7663043478260869,-0.3858695652173913,-0.8695652173913043,-0.46195652173913043
repeat,0.0,0.0,-0.18226600985221675,-0.17733990147783252,-0.3891625615763547,-0.270935960591133,-0.5862068965517241,-0.2857142857142857,-0.729064039408867,-0.28078817733990147,-0.47783251231527096,-0.37438423645320196,-0.7339901477832512,-0.20689655172413793,-0.8571428571428571,-0.10344827586206896,-0.9458128078817734,-0.03940886699507389,-0.46798029556650245,-0.30049261083743845,-0.7586206896551724,-0.13793103448275862,-0.8916256157635468,-0.04926108374384237,-1.0,0.019704433497536946,-0.458128078817734,-0.18226600985221675,-0.7389162561576355,-0.04433497536945813,-0.8719211822660099,0.024630541871921183,-0.9802955665024631,0.07881773399014778,-0.43842364532019706,-0.024630541871921183,-0.6847290640394089,0.04926108374384237,-0.7980295566502463,0.08866995073891626,-0.896551724137931,0.12807881773399016
repeat,0.0,0.0,-0.015789473684210527,-0.1736842105263158,-0.15789473684210525,-0.33157894736842103,-0.2894736842105263,-0.43157894736842106,-0.4105263157894737,-0.5105263157894737,-0.4263157894736842,-0.35789473684210527,-0.631578947368421,-0.46842105263157896,-0.7736842105263158,-0.5526315789473685,-0.8894736842105263,-0.6210526315789474,-0.4631578947368421,-0.30526315789473685,-0.6947368421052632,-0.4263157894736842,-0.8578947368421053,-0.5210526315789473,-0.9947368421052631,-0.5947368421052631,-0.4842105263157895,-0.23684210526315788,-0.7105263157894737,-0.3526315789473684,-0.868421052631579,-0.4421052631578947,-1.0,-0.5105263157894737,-0.4789473684210526,-0.1368421052631579,-0.6578947368421053,-0.24210526315789474,-0.7842105263157895,-0.3263157894736842,-0.8894736842105263,-0.39473684210526316
repeat,0.0,0.0,-0.16111111111111112,-0.19444444444444445,-0.37222222222222223,-0.29444444444444445,-0.5777777777777777,-0.3,-0.7333333333333333,-0.3111111111111111,-0.4722222222222222,-0.4111111111111111,-0.7388888888888889,-0.21666666666666667,-0.8666666666666667,-0.09444444444444444,-0.9555555555555556,-0.011111111111111112,-0.4666666666666667,-0.32222222222222224,-0.7555555555555555,-0.13333333333333333,-0.8944444444444445,-0.027777777777777776,-1.0,0.05555555555555555,-0.4666666666666667,-0.18888888888888888,-0.7444444444444445,-0.044444444444444446,-0.8888888888888888,0.044444444444444446,-1.0,0.1111111111111111,-0.45,-0.027777777777777776,-0.6944444444444444,0.06666666666666667,-0.8166666666666667,0.11666666666666667,-0.9333333333333333,0.15
repeat,0.0,0.0,-0.15736040609137056,-0.13705583756345177,-0.39593908629441626,-0.24873096446700507,-0.5939086294416244,-0.29949238578680204,-0.751269035532995,-0.3401015228426396,-0.4213197969543147,-0.39593908629441626,-0.6903553299492385,-0.25888324873096447,-0.8426395939086294,-0.17258883248730963,-0.949238578680203,-0.1116751269035533,-0.3553299492385787,-0.3248730964467005,-0.6751269035532995,-0.18781725888324874,-0.8629441624365483,-0.1065989847715736,-1.0,-0.03553299492385787,-0.3147208121827411,-0.20304568527918782,-0.6395939086294417,-0.09644670050761421,-0.8274111675126904,-0.03553299492385787,-0.9746192893401016,0.015228426395939087,-0.29441624365482233,-0.04060913705583756,-0.5736040609137056,0.005076142131979695,-0.7258883248730964,0.03553299492385787,-0.8477157360406091,0.05583756345177665
repeat,0.0,0.0,-0.12385321100917432,-0.11467889908256881,-0.3577981651376147,-0.21559633027522937,-0.5504587155963303,-0.25688073394495414,-0.7064220183486238,-0.3073394495412844,-0.3853211009174312,-0.3440366972477064,-0.6513761467889908,-0.22018348623853212,-0.8165137614678899,-0.14220183486238533,-0.944954128440367,-0.08256880733944955,-0.3165137614678899,-0.24770642201834864,-0.6467889908256881,-0.14220183486238533,-0.8486238532110092,-0.05963302752293578,-1.0,0.009174311926605505,-0.2706422018348624,-0.11009174311926606,-0.5871559633027523,-0.027522935779816515,-0.7889908256880734,0.04128440366972477,-0.9357798165137615,0.09174311926605505,-0.24311926605504589,0.05504587155963303,-0.5091743119266054,0.0871559633027523,-0.6697247706422018,0.11926605504587157,-0.7935779816513762,0.14220183486238533
repeat,0.0,0.0,-0.03787878787878788,-0.24242424242424243,-0.17424242424242425,-0.4393939393939394,-0.2727272727272727,-0.5984848484848485,-0.4015151515151515,-0.7196969696969697,-0.3409090909090909,-0.4772727272727273,-0.5681818181818182,-0.6515151515151515,-0.75,-0.7651515151515151,-0.9015151515151515,-0.8560606060606061,-0.3712121212121212,-0.38636363636363635,-0.6287878787878788,-0.5757575757575758,-0.8333333333333334,-0.7121212121212122,-1.0,-0.8181818181818182,-0.3712121212121212,-0.25757575757575757,-0.6287878787878788,-0.4318181818181818,-0.8106060606060606,-0.5378787878787878,-0.9621212121212122,-0.6212121212121212,-0.3409090909090909,-0.10606060606060606,-0.5075757575757576,-0.21212121212121213,-0.6212121212121212,-0.30303030303030304,-0.7348484848484849,-0.38636363636363635
repeat,0.0,0.0,0.19047619047619047,-0.047619047619047616,0.4,-0.09047619047619047,0.5714285714285714,-0.0761904761904762,0.6761904761904762,-0.06190476190476191,0.5142857142857142,-0.2857142857142857,0.7428571428571429,-0.10952380952380952,0.8761904761904762,0.009523809523809525,0.9714285714285714,0.1,0.5095238095238095,-0.2571428571428571,0.7476190476190476,-0.05714285714285714,0.8904761904761904,0.06190476190476191,1.0,0.1619047619047619,0.4857142857142857,-0.18095238095238095,0.7285714285714285,-0.009523809523809525,0.861904761904762,0.1,0.9666666666666667,0.18095238095238095,0.46190476190476193,-0.06190476190476191,0.6714285714285714,0.04285714285714286,0.7857142857142857,0.10952380952380952,0.8857142857142857,0.1619047619047619
repeat,0.0,0.0,0.02127659574468085,-0.16489361702127658,0.15425531914893617,-0.2978723404255319,0.2765957446808511,-0.3617021276595745,0.3882978723404255,-0.43617021276595747,0.4308510638297872,-0.2978723404255319,0.6276595744680851,-0.3882978723404255,0.7606382978723404,-0.4574468085106383,0.8829787234042553,-0.5106382978723404,0.4627659574468085,-0.2393617021276596,0.6861702127659575,-0.34574468085106386,0.851063829787234,-0.425531914893617,1.0,-0.48936170212765956,0.4574468085106383,-0.1702127659574468,0.6914893617021277,-0.26595744680851063,0.8457446808510638,-0.32978723404255317,0.9787234042553191,-0.3882978723404255,0.425531914893617,-0.07446808510638298,0.6117021276595744,-0.14361702127659576,0.7393617021276596,-0.2074468085106383,0.8563829787234043,-0.26595744680851063
thanks,0.0,0.0,0.05442176870748299,-0.2653061224489796,-0.006802721088435374,-0.48299319727891155,-0.16326530612244897,-0.5850340136054422,-0.30612244897959184,-0.6054421768707483,-0.06802721088435375,-0.5714285714285714,-0.2789115646258503,-0.782312925170068,-0.4013605442176871,-0.9047619047619048,-0.5034013605442177,-1.0,-0.17687074829931973,-0.4965986394557823,-0.4013605442176871,-0.7414965986394558,-0.5374149659863946,-0.891156462585034,-0.6394557823129252,-0.9931972789115646,-0.2789115646258503,-0.3945578231292517,-0.48299319727891155,-0.6258503401360545,-0.6054421768707483,-0.7755102040816326,-0.7006802721088435,-0.8775510204081632,-0.38095238095238093,-0.272108843537415,-0.54421768707483,-0.4897959183673469,-0.6326530612244898,-0.6122448979591837,-0.7006802721088435,-0.7142857142857143
thanks,0.0,0.0,0.061224489795918366,-0.25170068027210885,0.0,-0.47619047619047616,-0.14285714285714285,-0.5918367346938775,-0.2653061224489796,-0.6326530612244898,-0.061224489795918366,-0.5578231292517006,-0.272108843537415,-0.7755102040816326,-0.4013605442176871,-0.9047619047619048,-0.5034013605442177,-1.0,-0.17006802721088435,-0.4897959183673469,-0.3877551020408163,-0.7278911564625851,-0.5306122448979592,-0.8775510204081632,-0.6326530612244898,-0.9863945578231292,-0.2789115646258503,-0.3945578231292517,-0.47619047619047616,-0.6190476190476191,-0.5986394557823129,-0.7687074829931972,-0.6802721088435374,-0.8775510204081632,-0.38095238095238093,-0.2789115646258503,-0.5374149659863946,-0.48299319727891155,-0.6258503401360545,-0.6054421768707483,-0.6938775510204082,-0.7006802721088435
thanks,0.0,0.0,0.06164383561643835,-0.23972602739726026,0.00684931506849315,-0.4589041095890411,-0.11643835616438356,-0.5684931506849316,-0.22602739726027396,-0.6164383561643836,-0.06164383561643835,-0.5684931506849316,-0.2671232876712329,-0.7808219178082192,-0.3972602739726027,-0.9041095890410958,-0.5,-1.0,-0.1643835616438356,-0.5,-0.3904109589041096,-0.7397260273972602,-0.5205479452054794,-0.8904109589041096,-0.6232876712328768,-0.9931506849315068,-0.273972602739726,-0.4041095890410959,-0.4726027397260274,-0.636986301369863,-0.5958904109589042,-0.7808219178082192,-0.684931506849315,-0.8904109589041096,-0.3767123287671233,-0.2876712328767123,-0.5273972602739726,-0.4931506849315068,-0.6164383561643836,-0.6095890410958904,-0.684931506849315,-0.7123287671232876
thanks,0.0,0.0,-0.11643835616438356,-0.2465753424657534,-0.06164383561643835,-0.4657534246575342,0.0958904109589041,-0.5753424657534246,0.22602739726027396,-0.5958904109589042,-0.00684931506849315,-0.5547945205479452,0.19863013698630136,-0.7671232876712328,0.3219178082191781,-0.8904109589041096,0.410958904109589,-0.9794520547945206,0.136986301369863,-0.4863013698630137,0.3356164383561644,-0.7328767123287672,0.4589041095890411,-0.8835616438356164,0.541095890410959,-1.0,0.2671232876712329,-0.3904109589041096,0.4383561643835616,-0.6301369863013698,0.541095890410959,-0.7808219178082192,0.6027397260273972,-0.8904109589041096,0.3767123287671233,-0.2808219178082192,0.5,-0.4794520547945205,0.5684931506849316,-0.6095890410958904,0.6164383561643836,-0.7191780821917808
thanks,0.0,0.0,0.05673758865248227,-0.2553191489361702,-0.014184397163120567,-0.46808510638297873,-0.1702127659574468,-0.5673758865248227,-0.2978723404255319,-0.5886524822695035,-0.04964539007092199,-0.5531914893617021,-0.24822695035460993,-0.7730496453900709,-0.36879432624113473,-0.8936170212765957,-0.46808510638297873,-0.9929078014184397,-0.16312056737588654,-0.48936170212765956,-0.3617021276595745,-0.7375886524822695,-0.49645390070921985,-0.8865248226950354,-0.5957446808510638,-1.0,-0.2695035460992908,-0.40425531914893614,-0.45390070921985815,-0.6453900709219859,-0.5673758865248227,-0.7801418439716312,-0.6524822695035462,-0.8865248226950354,-0.375886524822695,-0.2907801418439716,-0.5106382978723404,-0.5035460992907801,-0.5886524822695035,-0.6312056737588653,-0.6524822695035462,-0.7304964539007093
thanks,0.0,0.0,-0.1056338028169014,-0.23943661971830985,-0.056338028169014086,-0.4507042253521127,0.07042253521126761,-0.5915492957746479,0.18309859154929578,-0.647887323943662,-0.007042253521126761,-0.5492957746478874,0.18309859154929578,-0.7535211267605634,0.29577464788732394,-0.8732394366197183,0.3732394366197183,-0.9647887323943662,0.1267605633802817,-0.49295774647887325,0.323943661971831,-0.7394366197183099,0.4295774647887324,-0.8873239436619719,0.5070422535211268,-1.0,0.2605633802816901,-0.4154929577464789,0.4295774647887324,-0.6549295774647887,0.528169014084507,-0.795774647887324,0.5915492957746479,-0.9084507042253521,0.3732394366197183,-0.30985915492957744,0.5,-0.5070422535211268,0.5633802816901409,-0.6338028169014085,0.6056338028169014,-0.7464788732394366
thanks,0.0,0.0,0.0736196319018405,-0.2331288343558282,0.03067484662576687,-0.44171779141104295,-0.09815950920245399,-0.5521472392638037,-0.22699386503067484,-0.588957055214724,-0.03680981595092025,-0.5460122699386503,-0.2331288343558282,-0.7668711656441718,-0.3496932515337423,-0.8895705521472392,-0.44171779141104295,-0.9815950920245399,-0.12883435582822086,-0.4723926380368098,-0.3374233128834356,-0.7239263803680982,-0.4662576687116564,-0.8834355828220859,-0.5705521472392638,-1.0,-0.22699386503067484,-0.37423312883435583,-0.4171779141104294,-0.6257668711656442,-0.5398773006134969,-0.7668711656441718,-0.6257668711656442,-0.8711656441717791,-0.32515337423312884,-0.26380368098159507,-0.4723926380368098,-0.4785276073619632,-0.5521472392638037,-0.6073619631901841,-0.6196319018404908,-0.7116564417177914
thanks,0.0,0.0,-0.12666666666666668,-0.24,-0.06,-0.46,0.09333333333333334,-0.5733333333333334,0.22666666666666666,-0.6066666666666667,-0.006666666666666667,-0.5466666666666666,0.19333333333333333,-0.7533333333333333,0.32,-0.8733333333333333,0.41333333333333333,-0.96,0.14,-0.48,0.34,-0.7266666666666667,0.4666666666666667,-0.88,0.5466666666666666,-1.0,0.2733333333333333,-0.3933333333333333,0.4533333333333333,-0.6333333333333333,0.5533333333333333,-0.78,0.6266666666666667,-0.8933333333333333,0.38666666666666666,-0.28,0.5133333333333333,-0.48,0.58,-0.6066666666666667,0.6333333333333333,-0.7133333333333334
thanks,0.0,0.0,0.060810810810810814,-0.24324324324324326,-0.02027027027027027,-0.46621621621621623,-0.17567567567567569,-0.5743243243243243,-0.31756756756756754,-0.6148648648648649,-0.05405405405405406,-0.5540540540540541,-0.27702702702702703,-0.777027027027027,-0.41216216216216217,-0.9054054054054054,-0.5202702702702703,-1.0,-0.14864864864864866,-0.47297297297297297,-0.38513513513513514,-0.7297297297297297,-0.5337837837837838,-0.8851351351351351,-0.6486486486486487,-1.0,-0.25,-0.3716216216216216,-0.4594594594594595,-0.6216216216216216,-0.6013513513513513,-0.7702702702702703,-0.6959459459459459,-0.8783783783783784,-0.3581081081081081,-0.25,-0.5202702702702703,-0.46621621621621623,-0.6148648648648649,-0.5945945945945946,-0.6891891891891891,-0.6959459459459459
thanks,0.0,0.0,0.06474820143884892,-0.2589928057553957,-0.014388489208633094,-0.48201438848920863,-0.18705035971223022,-0.5827338129496403,-0.33093525179856115,-0.6115107913669064,-0.05755395683453238,-0.5755395683453237,-0.28776978417266186,-0.7841726618705036,-0.4244604316546763,-0.9064748201438849,-0.5323741007194245,-1.0,-0.17266187050359713,-0.49640287769784175,-0.41007194244604317,-0.7410071942446043,-0.5611510791366906,-0.8848920863309353,-0.6690647482014388,-0.9928057553956835,-0.28776978417266186,-0.39568345323741005,-0.49640287769784175,-0.6330935251798561,-0.6258992805755396,-0.7769784172661871,-0.7194244604316546,-0.8848920863309353,-0.39568345323741005,-0.2733812949640288,-0.5539568345323741,-0.4892086330935252,-0.6474820143884892,-0.6115107913669064,-0.7194244604316546,-0.7194244604316546
thanks,0.0,0.0,-0.13043478260869565,-0.2463768115942029,-0.07246376811594203,-0.463768115942029,0.08695652173913043,-0.5652173913043478,0.2246376811594203,-0.5869565217391305,0.014492753623188406,-0.5652173913043478,0.2246376811594203,-0.7681159420289855,0.34782608695652173,-0.8840579710144928,0.4420289855072464,-0.9782608695652174,0.16666666666666666,-0.4927536231884058,0.37681159420289856,-0.7318840579710145,0.4927536231884058,-0.8840579710144928,0.5797101449275363,-1.0,0.30434782608695654,-0.39855072463768115,0.4855072463768116,-0.6304347826086957,0.5869565217391305,-0.7753623188405797,0.6521739130434783,-0.8913043478260869,0.41304347826086957,-0.2753623188405797,0.5507246376811594,-0.47101449275362317,0.6231884057971014,-0.5869565217391305,0.6739130434782609,-0.6956521739130435
thanks,0.0,0.0,0.0625,-0.25,0.0,-0.4583333333333333,-0.1527777777777778,-0.5486111111111112,-0.2847222222222222,-0.5763888888888888,-0.013888888888888888,-0.5555555555555556,-0.2222222222222222,-0.7708333333333334,-0.3472222222222222,-0.8888888888888888,-0.4444444444444444,-0.9791666666666666,-0.125,-0.4930555555555556,-0.3402777777777778,-0.75,-0.4722222222222222,-0.8958333333333334,-0.5694444444444444,-1.0,-0.24305555555555555,-0.4166666666666667,-0.4305555555555556,-0.6597222222222222,-0.5486111111111112,-0.7986111111111112,-0.6319444444444444,-0.9027777777777778,-0.3472222222222222,-0.3125,-0.4930555555555556,-0.5347222222222222,-0.5763888888888888,-0.6527777777777778,-0.6388888888888888,-0.75
thanks,0.0,0.0,-0.15172413793103448,-0.21379310344827587,-0.11724137931034483,-0.43448275862068964,0.020689655172413793,-0.5655172413793104,0.13793103448275862,-0.6068965517241379,-0.06896551724137931,-0.5310344827586206,0.11724137931034483,-0.7448275862068966,0.22758620689655173,-0.8689655172413793,0.30344827586206896,-0.9586206896551724,0.08275862068965517,-0.4827586206896552,0.25517241379310346,-0.7310344827586207,0.3586206896551724,-0.8827586206896552,0.42758620689655175,-1.0,0.2206896551724138,-0.41379310344827586,0.3724137931034483,-0.6551724137931034,0.45517241379310347,-0.8,0.5103448275862069,-0.9103448275862069,0.33793103448275863,-0.32413793103448274,0.4482758620689655,-0.5172413793103449,0.503448275862069,-0.6413793103448275,0.5448275862068965,-0.7448275862068966
thanks,0.0,0.0,0.053691275167785234,-0.2550335570469799,-0.013422818791946308,-0.4697986577181208,-0.16778523489932887,-0.5771812080536913,-0.3087248322147651,-0.610738255033557,-0.04697986577181208,-0.5637583892617449,-0.2684563758389262,-0.785234899328859,-0.40268456375838924,-0.9060402684563759,-0.5100671140939598,-1.0,-0.1476510067114094,-0.4899328859060403,-0.3825503355704698,-0.7449664429530202,-0.5302013422818792,-0.8926174496644296,-0.6308724832214765,-0.9932885906040269,-0.2550335570469799,-0.3959731543624161,-0.46308724832214765,-0.6375838926174496,-0.5906040268456376,-0.7785234899328859,-0.6845637583892618,-0.8791946308724832,-0.3624161073825503,-0.2751677852348993,-0.5234899328859061,-0.4899328859060403,-0.6040268456375839,-0.6040268456375839,-0.6778523489932886,-0.697986577181208
thanks,0.0,0.0,-0.11688311688311688,-0.24025974025974026,-0.08441558441558442,-0.45454545454545453,0.032467532467532464,-0.5844155844155844,0.14285714285714285,-0.6298701298701299,0.012987012987012988,-0.5584415584415584,0.21428571428571427,-0.7597402597402597,0.3246753246753247,-0.8766233766233766,0.4025974025974026,-0.961038961038961,0.15584415584415584,-0.4935064935064935,0.35714285714285715,-0.7402597402597403,0.461038961038961,-0.8831168831168831,0.5324675324675324,-1.0,0.2792207792207792,-0.4025974025974026,0.45454545454545453,-0.6363636363636364,0.5454545454545454,-0.7792207792207793,0.6038961038961039,-0.8896103896103896,0.38311688311688313,-0.2922077922077922,0.512987012987013,-0.4935064935064935,0.577922077922078,-0.6103896103896104,0.6168831168831169,-0.7142857142857143
thanks,0.0,0.0,0.06944444444444445,-0.2361111111111111,0.006944444444444444,-0.4583333333333333,-0.1388888888888889,-0.5763888888888888,-0.2708333333333333,-0.6180555555555556,-0.034722222222222224,-0.5625,-0.24305555555555555,-0.7847222222222222,-0.375,-0.9097222222222222,-0.4791666666666667,-1.0,-0.125,-0.5,-0.3611111111111111,-0.75,-0.5069444444444444,-0.8958333333333334,-0.6111111111111112,-1.0,-0.22916666666666666,-0.4097222222222222,-0.4375,-0.6527777777777778,-0.5694444444444444,-0.7916666666666666,-0.6666666666666666,-0.8888888888888888,-0.3333333333333333,-0.2916666666666667,-0.5,-0.5069444444444444,-0.5972222222222222,-0.625,-0.6736111111111112,-0.7152777777777778
thanks,0.0,0.0,0.06040268456375839,-0.2483221476510067,-0.006711409395973154,-0.46308724832214765,-0.15436241610738255,-0.5704697986577181,-0.28187919463087246,-0.610738255033557,-0.04697986577181208,-0.5771812080536913,-0.26174496644295303,-0.785234899328859,-0.38926174496644295,-0.912751677852349,-0.4899328859060403,-1.0,-0.1342281879194631,-0.5100671140939598,-0.3691275167785235,-0.7516778523489933,-0.5100671140939598,-0.8926174496644296,-0.610738255033557,-1.0,-0.2348993288590604,-0.40939597315436244,-0.4429530201342282,-0.6510067114093959,-0.5771812080536913,-0.785234899328859,-0.6711409395973155,-0.8859060402684564,-0.3288590604026846,-0.2953020134228188,-0.4966442953020134,-0.5033557046979866,-0.5906040268456376,-0.6241610738255033,-0.6644295302013423,-0.7181208053691275
thanks,0.0,0.0,-0.11643835616438356,-0.2534246575342466,-0.0547945205479452,-0.4794520547945205,0.10273972602739725,-0.589041095890411,0.22602739726027396,-0.6095890410958904,0.00684931506849315,-0.5616438356164384,0.2054794520547945,-0.7671232876712328,0.3287671232876712,-0.8767123287671232,0.410958904109589,-0.9657534246575342,0.1506849315068493,-0.4863013698630137,0.3493150684931507,-0.7397260273972602,0.4589041095890411,-0.8835616438356164,0.541095890410959,-1.0,0.2876712328767123,-0.3972602739726027,0.4520547945205479,-0.636986301369863,0.547945205479452,-0.7808219178082192,0.6027397260273972,-0.8904109589041096,0.3972602739726027,-0.2808219178082192,0.5136986301369864,-0.4863013698630137,0.5753424657534246,-0.6095890410958904,0.6164383561643836,-0.7191780821917808
yes,0.0,0.0,-0.3333333333333333,0.04,-0.5733333333333334,-0.013333333333333334,-0.36,0.04,0.013333333333333334,0.02666666666666667,-0.48,-0.92,-0.32,-0.49333333333333335,-0.3466666666666667,-0.29333333333333333,-0.4,-0.37333333333333335,-0.08,-1.0,0.04,-0.4666666666666667,-0.04,-0.21333333333333335,-0.09333333333333334,-0.3466666666666667,0.28,-0.9333333333333333,0.36,-0.4,0.22666666666666666,-0.2,0.14666666666666667,-0.32,0.56,-0.7866666666666666,0.6,-0.38666666666666666,0.44,-0.21333333333333335,0.3333333333333333,-0.25333333333333335
yes,0.0,0.0,-0.25925925925925924,0.024691358024691357,-0.5308641975308642,-0.012345679012345678,-0.5925925925925926,-0.024691358024691357,-0.48148148148148145,-0.08641975308641975,-0.654320987654321,-0.8765432098765432,-0.5432098765432098,-0.5061728395061729,-0.48148148148148145,-0.2716049382716049,-0.49382716049382713,-0.3333333333333333,-0.32098765432098764,-1.0,-0.20987654320987653,-0.5432098765432098,-0.2222222222222222,-0.25925925925925924,-0.2716049382716049,-0.30864197530864196,-0.012345679012345678,-0.9876543209876543,0.07407407407407407,-0.5308641975308642,0.024691358024691357,-0.2716049382716049,-0.037037037037037035,-0.30864197530864196,0.25925925925925924,-0.8888888888888888,0.3333333333333333,-0.5185185185185185,0.25925925925925924,-0.30864197530864196,0.18518518518518517,-0.30864197530864196
yes,0.0,0.0,0.2714285714285714,0.014285714285714285,0.5714285714285714,-0.05714285714285714,0.8071428571428572,-0.11428571428571428,1.0,-0.17857142857142858,0.5428571428571428,-0.4714285714285714,0.45,-0.007142857142857143,0.38571428571428573,0.05,0.37142857142857144,-0.04285714285714286,0.2714285714285714,-0.5214285714285715,0.22142857142857142,0.04285714285714286,0.2,0.05714285714285714,0.19285714285714287,-0.08571428571428572,0.02142857142857143,-0.4928571428571429,-0.007142857142857143,0.02142857142857143,0.007142857142857143,0.02857142857142857,0.007142857142857143,-0.1,-0.22142857142857142,-0.42142857142857143,-0.2,-0.04285714285714286,-0.17142857142857143,-0.02142857142857143,-0.16428571428571428,-0.11428571428571428
yes,0.0,0.0,0.4090909090909091,0.13636363636363635,0.7878787878787878,0.2878787878787879,0.9545454545454546,0.42424242424242425,0.8333333333333334,0.45454545454545453,1.0,-0.8181818181818182,0.803030303030303,0.07575757575757576,0.7121212121212122,0.06060606060606061,0.7121212121212122,-0.16666666666666666,0.45454545454545453,-0.9393939393939394,0.3333333333333333,0.21212121212121213,0.3181818181818182,0.09090909090909091,0.3484848484848485,-0.22727272727272727,-0.07575757575757576,-0.8636363636363636,-0.12121212121212122,0.16666666666666666,-0.10606060606060606,0.06060606060606061,-0.09090909090909091,-0.22727272727272727,-0.5909090909090909,-0.7121212121212122,-0.5606060606060606,0.06060606060606061,-0.45454545454545453,0.015151515151515152,-0.3787878787878788,-0.22727272727272727
yes,0.0,0.0,0.379746835443038,0.0759493670886076,0.7721518987341772,0.0759493670886076,0.8354430379746836,0.13924050632911392,0.5822784810126582,0.21518987341772153,0.7848101265822784,-0.8607594936708861,0.6582278481012658,-0.26582278481012656,0.5822784810126582,0.0,0.6075949367088608,-0.0379746835443038,0.35443037974683544,-1.0,0.25316455696202533,-0.2911392405063291,0.24050632911392406,-0.02531645569620253,0.27848101265822783,-0.11392405063291139,-0.06329113924050633,-0.9493670886075949,-0.10126582278481013,-0.3291139240506329,-0.0759493670886076,-0.11392405063291139,-0.0379746835443038,-0.22784810126582278,-0.4177215189873418,-0.8354430379746836,-0.4430379746835443,-0.35443037974683544,-0.3670886075949367,-0.1518987341772152,-0.31645569620253167,-0.21518987341772153
yes,0.0,0.0,0.37662337662337664,0.07792207792207792,0.7662337662337663,0.07792207792207792,0.8051948051948052,0.12987012987012986,0.5194805194805194,0.16883116883116883,0.7922077922077922,-0.8831168831168831,0.6623376623376623,-0.23376623376623376,0.5714285714285714,0.0,0.5714285714285714,-0.09090909090909091,0.36363636363636365,-1.0,0.2857142857142857,-0.3116883116883117,0.24675324675324675,-0.06493506493506493,0.24675324675324675,-0.18181818181818182,-0.05194805194805195,-0.948051948051948,-0.09090909090909091,-0.3116883116883117,-0.06493506493506493,-0.1038961038961039,-0.05194805194805195,-0.22077922077922077,-0.4025974025974026,-0.8311688311688312,-0.42857142857142855,-0.35064935064935066,-0.37662337662337664,-0.15584415584415584,-0.35064935064935066,-0.22077922077922077
yes,0.0,0.0,0.38372093023255816,0.046511627906976744,0.7093023255813954,0.046511627906976744,0.8023255813953488,0.05813953488372093,0.6627906976744186,0.03488372093023256,0.9186046511627907,-0.872093023255814,0.8488372093023255,-0.4069767441860465,0.7441860465116279,-0.18604651162790697,0.7325581395348837,-0.2441860465116279,0.5465116279069767,-1.0,0.5116279069767442,-0.3953488372093023,0.4418604651162791,-0.1511627906976744,0.45348837209302323,-0.2558139534883721,0.16279069767441862,-0.9651162790697675,0.18604651162790697,-0.3953488372093023,0.1744186046511628,-0.19767441860465115,0.19767441860465115,-0.29069767441860467,-0.18604651162790697,-0.872093023255814,-0.13953488372093023,-0.4186046511627907,-0.09302325581395349,-0.23255813953488372,-0.03488372093023256,-0.27906976744186046
yes,0.0,0.0,0.4166666666666667,0.047619047619047616,0.75,0.03571428571428571,0.8571428571428571,0.07142857142857142,0.75,0.13095238095238096,0.9880952380952381,-0.8809523809523809,0.9880952380952381,-0.38095238095238093,0.8214285714285714,-0.15476190476190477,0.7380952380952381,-0.19047619047619047,0.6190476190476191,-1.0,0.6428571428571429,-0.39285714285714285,0.5238095238095238,-0.14285714285714285,0.5,-0.19047619047619047,0.23809523809523808,-0.9761904761904762,0.2976190476190476,-0.38095238095238093,0.2619047619047619,-0.15476190476190477,0.2619047619047619,-0.2261904761904762,-0.10714285714285714,-0.8690476190476191,-0.023809523809523808,-0.4166666666666667,0.0,-0.23809523809523808,0.03571428571428571,-0.2857142857142857
yes,0.0,0.0,0.5402298850574713,0.10344827586206896,0.9080459770114943,0.2988505747126437,1.0,0.5632183908045977,0.8045977011494253,0.7241379310344828,0.9540229885057471,-0.4827586206896552,0.9885057471264368,0.2988505747126437,0.8850574712643678,0.3218390804597701,0.8275862068965517,0.12643678160919541,0.5632183908045977,-0.5517241379310345,0.5862068965517241,0.39080459770114945,0.5402298850574713,0.3218390804597701,0.5517241379310345,0.08045977011494253,0.1839080459770115,-0.4827586206896552,0.22988505747126436,0.40229885057471265,0.21839080459770116,0.2988505747126437,0.25287356321839083,0.04597701149425287,-0.16091954022988506,-0.367816091954023,-0.09195402298850575,0.3218390804597701,-0.05747126436781609,0.25287356321839083,-0.04597701149425287,0.04597701149425287
yes,0.0,0.0,0.358974358974359,0.0641025641025641,0.6923076923076923,0.07692307692307693,0.8717948717948718,0.10256410256410256,0.8589743589743589,0.08974358974358974,0.8974358974358975,-0.8974358974358975,0.9871794871794872,-0.4230769230769231,0.8205128205128205,-0.19230769230769232,0.717948717948718,-0.23076923076923078,0.5256410256410257,-1.0,0.6410256410256411,-0.5256410256410257,0.5384615384615384,-0.28205128205128205,0.47435897435897434,-0.28205128205128205,0.14102564102564102,-0.9743589743589743,0.28205128205128205,-0.5384615384615384,0.24358974358974358,-0.2948717948717949,0.19230769230769232,-0.28205128205128205,-0.19230769230769232,-0.8461538461538461,-0.05128205128205128,-0.5128205128205128,-0.038461538461538464,-0.32051282051282054,-0.05128205128205128,-0.3076923076923077
